Student_ID,Age,Gender,StudyHoursPerDay,SocialMediaHours,PassiveEntertainmentHrs,PoR,AttendancePercentage,SleepHoursPerNight,Diet_Quality,Exercise_frequency,parental_education_level,internet_quality,mental_health_rating,extracurricular_participation,Cumulative_Grade,ProductivityScore,SleepDebt,TotalScreenTime
S1138,23,Male,3.9,3.3,0.5,No,87,8.5,Fair,4,Master,Average,7,No,64.1,5.4,No,3.8
S1003,,Female,1,,1,No,71,9.2,,,Master,Good,7,,26.8,0.04,No,1
S1835,20,Female,5.1,2.6,1.8,No,83.4,6.5,Fair,4,High School,Average,7,No,100,6.7,No,4.4
S1891,23,Male,2.2,14.6,2,Yes,85.3,6.5,Good,3,High School,Average,6,Yes,65.6,-6.49,No,16.6
S1374,,Male,2.8,2,4.1,,82.3,6.3,Fair,,,Good,,No,57.3,0.05,No,6.1
S1356,18,Male,5.8,2.6,0.9,Yes,70,7.1,Good,4.0 days/wk,High School,Average,8,No,100,10.82,No,3.5
S1967,22,Male,5.2,4.1,3.8,No,95.6,,Fair,5,High School,Good,7,No,76.1,6.47,,7.9
S1812,17,Female,4.5,0.9,2.2,No,84.8,,Good,4,Bachelor,Good,6,No,70.6,5.34,,3.1
S1648,24,Female,1.1,3.6,2.5,No,96.7,8.4,Good,3,High School,Good,6,Yes,54.6,0.12,No,6.1
S1086,22,Male,3.6,1.4,2.3,No,83.1,9.5,Good,5,Bachelor,Poor,9,No,79.2,5.9,No,3.7
S1981,24,Male,3.6,0,3.6,No,66.3,9.6,Fair,4,Bachelor,Average,8,No,66.2,7.35,No,3.6
S1348,24,Female,3.6,0.9,2.4,No,100,5.8,Poor,2,Bachelor,Average,5,No,72.3,6.56,Yes,3.3
S1586,22,Female,5,2.8,0,Yes,92.5,6.1,,3,High School,Poor,,Yes,83.5,8.79,No,2.8
S1513,22,Male,,1.9,2.7,Yes,70.9,6.9,Good,2,High School,Good,5,No,62.5,3.78,No,4.6
S1706,20,Female,5,1.5,2.2,No,56.7,5.5,Poor,2,,Average,5,No,83.6,8.5,Yes,3.7
S1437,24,Female,6.6,2.8,2.9,No,84.3,8,Good,3,High School,Good,7,No,100,9.99,No,5.7
S1903,23,Female,3.3,1.9,2.2,No,79.1,6.2,Fair,4,High School,Average,6,No,70.9,2.8,No,4.1
S1287,21,Male,4.4,2.2,0.9,No,75.7,8.8,Good,4,High School,Poor,8,Yes,84.2,7.23,No,3.1
S1022,18,Other,4.9,2.3,0.6,No,84.5,6,Fair,4,High School,Average,7,No,98.7,7.28,No,2.9
S1129,20,Male,0.3,4.2,1.5,No,83,6.2,Good,2,High School,Average,3,Yes,26.8,-2.41,No,5.7
S1680,,Other,3.3,2.9,,,,7.8,Poor,4,,Good,7,No,70.4,4.85,No,2.9
S1343,18,Other,3.5,1.8,1.9,No,85.8,6.6,Fair,3,High School,Good,6,No,85,6.63,No,3.7
S1975,18,Female,2.6,15.7,1.4,No,84.1,8.1,Fair,,Bachelor,Average,6,No,66.7,-8.61,No,17.1
S1649,21,,4.8,1.8,2.7,,,6.6,Fair,,Bachelor,,7,No,88,6.55,No,4.5
S1269,19,Female,3.1,2.1,3,No,93.3,8.4,Good,4,Bachelor,Average,8,No,85.6,3.73,No,5.1
S1593,20,Female,0.8,2.3,1.3,Yes,83.9,5.5,Poor,2,Bachelor,Good,4,No,34.7,0.07,Yes,3.6
S1498,17,Female,,,2,,91.9,,,2,High School,Average,5,No,71.7,6.75,,2
S1777,,Other,4.2,2.2,,,,,Poor,3,,Good,6,Yes,87.5,5.72,,2.2
S1544,17,Female,4.1,2.8,1.6,No,100,7.3,Poor,2,Bachelor,Average,6,No,87.9,6.18,No,4.4
S1050,23,Female,1.6,1,3.1,No,,5.5,Fair,3,Master,Good,5,Yes,62,-0.95,Yes,4.1
S1921,23,Female,4.4,2.7,1,No,79.8,6.1,Fair,3,High School,Average,6,No,85.4,5.36,No,3.7
S1154,21,,,3.3,,No,,7.4,Fair,3,,Good,6,No,65,4.19,No,3.3
S1383,21,Male,2.8,2.1,0.6,No,90.4,6.4,Good,3,High School,Poor,6,Yes,71,3.1,No,2.7
S1113,22,Male,3,2.5,2.6,No,83.1,5.5,Fair,4,Bachelor,Average,6,No,51.3,0.62,Yes,5.1
S1776,17,Male,3.9,1.8,3.2,No,93.6,8.2,Poor,3,High School,Average,6,No,65.6,3.2,No,5
S1708,24,Male,1.9,3.1,2,No,92.6,5.3,Good,1.0 days/wk,,Poor,3,No,53.2,-0.34,Yes,5.1
S1299,24,Female,4.5,3.1,0.5,No,100,7.7,Fair,4,Bachelor,,8,No,93.8,7.7,No,3.6
S1927,20,Female,3.3,4,1.9,No,67.1,6.8,Good,3,Bachelor,Good,5,No,43.5,2.2,No,5.9
S1456,22,Female,3.9,1.6,0.7,Yes,86,,Good,2,Master,Poor,4,No,68.7,5.53,,2.3
S1556,24,Female,4,3.3,5.4,No,81.2,7.6,Fair,3,Bachelor,Poor,7,No,79,5.22,No,8.7
S1913,18,Male,3.8,4.5,1.6,Yes,79.3,5.3,Good,4,High School,Good,5,No,53.5,2.5,Yes,6.1
S1850,23,Female,1.1,2.4,1.8,No,83.9,7.7,Good,2,High School,Average,5,Yes,49.2,1.79,No,4.2
S1132,17,Female,3.5,2.6,3.2,Yes,84.8,7.5,Fair,3,Bachelor,Average,6,Yes,74,5.52,No,5.8
S1986,20,Male,,1.7,2.2,No,91.4,7,Poor,4,Master,Poor,,No,59.6,4.47,No,3.9
S1046,24,Male,2.4,4.3,1,No,87.9,8.9,Poor,3,High School,Average,7,Yes,71,0.05,No,5.3
S1710,23,Male,1.8,1.7,0.3,No,78.9,7.2,Fair,3,,Good,6,No,58.1,0.37,No,2
S1553,20,Female,4.8,0.8,0,No,81.2,8.1,Good,4.0 days/wk,High School,Average,8,No,88,9.31,No,0.8
S1615,19,Female,1.5,2.2,2.3,No,89.1,7.9,Fair,3,,Average,6,No,43.7,0.64,No,4.5
S1107,20,Male,2.1,2.9,1.4,No,76.9,6.1,Fair,3,High School,Average,5,No,60.4,2.39,No,4.3
S1816,17,Female,5.2,4,2.4,No,98.9,6.2,Fair,3,High School,Average,6,No,80.6,5.64,No,6.4
S1793,20,Female,2.5,4.3,2.4,No,84.5,8.6,Fair,2,Master,Good,6,No,49.4,2.95,No,6.7
S1152,17,Female,5.6,2.8,4.1,No,85.8,6.8,Good,3,High School,Good,7,No,90.3,5.94,No,6.9
S1789,23,Male,3.4,0.5,0.4,No,72.9,7.9,Fair,2,Bachelor,Good,6,No,78,7.4,No,0.9
S1177,19,Male,3,2.6,1.6,No,71,5.5,Fair,4,Master,Average,5,Yes,55,5.28,Yes,4.2
S1295,20,Female,0.9,4.3,4.1,No,90.1,6.1,Good,2,High School,Average,3,No,27.6,-3.84,No,8.4
S1954,19,Male,4.6,3,3.6,No,82.7,7.7,Good,3,,Good,6,Yes,66,5.32,No,6.6
S1219,23,Female,6.2,2.8,1,No,84.9,7,Fair,4.0 days/wk,Master,Good,8,No,100,11.06,No,3.8
S1654,22,Female,3.1,4.7,0.4,No,79.5,6.2,Good,5,Master,Good,7,No,71.5,2.77,No,5.1
S1332,20,Male,2.7,1.9,2.3,No,71.6,7.7,Fair,4,High School,Poor,7,No,71.2,3.81,No,4.2
S1567,24,Male,4.7,4.1,3,No,,4.9,Good,,Bachelor,Poor,,Yes,93.1,2.38,Yes,7.1
S1932,17,Female,4.4,2.4,1.7,No,78.5,5.9,Fair,2,Bachelor,Average,5,No,76.8,4.8,Yes,4.1
S1109,23,Female,5.4,2.4,2.5,No,95.7,6,Fair,3,High School,Good,6,No,77.5,8.51,No,4.9
S1136,17,Female,,3,3.6,No,91.1,6.7,Good,2,Bachelor,Good,5,No,67.6,1.07,No,6.6
S1126,18,Male,0.7,3.4,1.4,Yes,81.6,6.1,Poor,2,High School,Poor,4,No,42.4,-2.47,No,4.8
S1980,20,Female,3.7,3.5,2.5,No,93,5.2,Poor,4,High School,,,Yes,81,2.71,Yes,6
S1961,17,Female,4.7,1.8,1.6,No,95.8,5.1,Good,,Master,Good,6,No,81.1,8.21,Yes,3.4
S1305,21,Female,4.4,3.6,0.3,No,76.6,5.4,Fair,3,High School,Good,6,Yes,87.5,5.73,Yes,3.9
S1407,24,Male,4.3,3.3,3,No,79.4,6.3,Fair,3,High School,Poor,6,Yes,67.3,2.96,No,6.3
S1100,23,Male,4.3,3,1.5,No,100,,Good,3,High School,Average,7,Yes,93.2,7.69,,4.5
S1551,20,Female,3.3,4.3,0.4,Yes,89.3,4.8,Poor,3,High School,,5,No,67,1.18,Yes,4.7
S1048,22,Female,1.4,2.1,2.8,No,90.6,8.4,Fair,3,Bachelor,Good,6,No,52.6,0.24,No,4.9
S1245,22,Female,2.4,4.1,0,No,80.5,6.1,Fair,2,Bachelor,Average,4,Yes,47.9,-0.07,No,4.1
S1420,18,Female,3.8,2.9,4.1,Yes,68.7,,Fair,5,Master,Good,9,No,70.8,1.4,,7
S1700,18,Female,3.3,1.9,1.3,No,100,7,Poor,3,Bachelor,,6,Yes,67.7,4.63,No,3.2
S1131,21,Female,7.2,3.7,0,No,100,7.8,Good,4.0 days/wk,High School,Good,8,No,100,12.94,No,3.7
S1057,17,Male,3.9,2.4,1.2,No,90.7,7.1,Good,3,Bachelor,Average,6,Yes,75.2,4.67,No,3.6
S1494,21,Male,4,1.7,2,No,78.1,5.7,Fair,4,High School,Good,6,No,66.5,6.3,Yes,3.7
S1697,18,Other,3.1,2.2,2.5,No,88,5.6,Good,2,High School,Good,4,No,66.9,4.71,Yes,4.7
S1478,17,Female,6.6,1.3,1.7,No,77.9,6.9,Good,6,High School,Good,9,Yes,97.7,8.28,No,3
S1819,17,Male,4.1,2.7,0.6,No,74.6,3.6,Fair,3,Bachelor,Good,4,No,67.3,9.55,Yes,3.3
S1326,19,Male,1.4,2,3.5,No,87.7,2,Fair,3,Bachelor,Good,5,No,41.7,0.21,Yes,5.5
S1474,19,Male,3,4.5,2.3,Yes,79.7,7,Fair,4,Bachelor,Good,6,No,52.6,2.37,No,6.8
S1763,18,Male,3.9,2.4,0,Yes,91.1,5.5,Good,3,High School,Poor,5,Yes,59.5,6.59,Yes,2.4
S1728,21,Other,2.8,2,2,No,80.1,5.6,Fair,2,High School,Average,4,Yes,59.9,3.1,Yes,4
S1468,21,Female,3.6,2,0.1,No,76.5,7.1,Good,3,Bachelor,,,Yes,66.8,6.61,No,2.1
S1167,23,Male,3.3,2,1.2,Yes,85.8,6.9,Poor,5,High School,Good,7,No,72.2,3.5,No,3.2
S1563,23,Male,4.4,4.3,0,Yes,100,6.1,Fair,3,Master,Average,5,No,70.1,5.3,No,4.3
S1436,24,Male,4.4,1.8,0.7,No,74,7.8,Good,5,High School,Good,8,Yes,78.4,8.27,No,2.5
S1687,21,Male,,1.5,1.3,Yes,89.8,6.5,Poor,3,Master,Average,6,No,71.6,6.15,No,2.8
S1746,19,Male,1.1,2,3.3,No,74.9,7.4,Good,3,Bachelor,Good,5,No,42.6,-1.59,No,5.3
S1253,,Male,6.7,,0.9,No,100,,Fair,4,Bachelor,,8,,93.8,14.54,,0.9
S1425,21,Male,4.5,1.7,0.4,No,86.1,7.8,Poor,5,Bachelor,Poor,8,Yes,71.1,9.62,No,2.1
S1416,21,Male,1.1,4.3,0.9,No,86.7,4.9,Fair,4,High School,,5,No,49.9,-4.49,Yes,5.2
S1689,18,Female,4.1,1.9,0.2,No,84,4,Fair,3,High School,,5,No,72.4,8.57,Yes,2.1
S1865,17,Male,3.8,2,1.4,No,82.6,5.4,Good,3,Master,Good,5,No,65.9,4.69,Yes,3.4
S1084,23,Female,2.5,4.4,1.6,No,84.4,6.8,Fair,2,Bachelor,Average,5,No,51.3,1.52,No,6
S1526,19,Female,2.8,3.1,4.5,No,95.9,6.3,Fair,1,High School,Good,3,No,40.7,2.57,No,7.6
S1752,18,Male,4.5,1.6,,,,4.4,Good,2,High School,,,Yes,71.3,6.56,Yes,1.6
S1372,18,Female,4,3.2,1.7,No,77.4,6.4,Fair,4,High School,Good,7,No,68.4,3.06,No,4.9
S1834,17,Other,4,1.4,0,Yes,100,6.5,Fair,3,High School,Poor,,Yes,81.1,9.2,No,1.4
S1063,17,,4.1,,2.6,Yes,76.5,5.1,,,Bachelor,Average,5,,77.6,4.92,Yes,2.6
S1895,20,Female,2.3,1.5,2,No,83.8,5.6,Fair,3,Bachelor,Average,5,No,57,3.38,Yes,3.5
S1124,,,2.3,,0.1,No,81.9,,Fair,3,Bachelor,,6,No,61.7,1.95,,0.1
S1942,24,Female,2.2,4.5,3.3,No,76.8,6.1,Poor,3,High School,Good,5,No,50.2,1.88,No,7.8
S1596,21,Male,3.3,2.7,1.9,No,98.2,8.3,Fair,3,Bachelor,Poor,7,No,66.1,5.17,No,4.6
S1208,,Male,2.8,,2.2,Yes,94.1,7.2,Fair,4,,Average,,,75.8,1.31,No,2.2
S1515,19,Female,3,0.1,1.9,No,86.1,7.7,Good,4,High School,Poor,8,Yes,82.5,6.26,No,2
S1715,24,Male,5.6,1.4,3.1,No,85.8,6.1,Good,4,Master,Good,7,No,91.3,9.96,No,4.5
S1397,22,Female,2.3,2.5,1.9,Yes,96.9,6.2,Fair,4,Bachelor,Good,7,Yes,71.9,1.3,No,4.4
S1703,24,Male,0.9,3.3,1.6,Yes,87.3,6.5,Poor,2,Bachelor,Good,4,No,37.9,-0.5,No,4.9
S1451,22,Female,1.2,1.1,1.9,No,69.9,4.8,Poor,3,Master,Poor,5,No,58.6,0.39,Yes,3
S1438,23,Male,3.5,3.9,2.2,No,89.3,6.3,Fair,2,Master,Average,5,Yes,66.8,3.16,No,6.1
S1224,,Female,4.6,2.5,,No,87.7,6.7,Fair,,,,6,No,72.7,5.38,No,2.5
S1527,18,Female,,0.7,2.1,No,77.5,7.2,,4,Bachelor,Good,7,No,81.8,6.98,No,2.8
S1452,,Male,,2.3,,Yes,71.7,7.5,,3,Bachelor,,7,No,89.3,3.86,No,2.3
S1759,23,Female,2.8,4.1,1.7,Yes,90.2,5.2,Fair,3,Bachelor,Average,5,Yes,54.9,2.77,Yes,5.8
S1686,22,Female,5.4,1.8,3,Yes,75.6,6.9,Fair,3,High School,Average,6,No,69.9,8.02,No,4.8
S1499,20,Male,,3.2,4.2,Yes,78.9,6.1,Poor,2,Bachelor,Poor,5,No,83.3,4.06,No,7.4
S1074,21,Female,2.3,1,0.4,No,100,6.4,Fair,1,High School,Good,4,No,66.9,3.26,No,1.4
S1916,18,Male,4.4,3.4,1.4,No,91.1,6.5,Good,3,,Good,6,No,69.1,6.41,No,4.8
S1749,18,Female,,4,1,No,,6.7,Good,2,,,5,,77.2,3.27,No,5
S1926,21,Male,2.7,2.4,2.7,No,81.7,8.8,Fair,3,High School,,7,Yes,58.8,0.73,No,5.1
S1636,17,Female,,3.2,1.6,No,81.6,9.1,Fair,4,Bachelor,Average,7,Yes,58.4,2.17,No,4.8
S1957,17,Female,2,1.6,0,No,69.8,7,Good,3,High School,Average,5,No,49.1,1.67,No,1.6
S1300,17,Female,3.3,2.6,3.7,No,71,2.4,Poor,2,High School,Good,4,Yes,61.6,2.34,Yes,6.3
S1653,21,Female,4.8,2.1,1.9,No,100,6.8,Fair,3,High School,Good,6,No,82.6,5.79,No,4
S1081,20,Other,3.2,3.2,5,No,100,6.7,Good,3,High School,Poor,6,No,57.6,2.92,No,8.2
S1824,24,Other,4.9,0.5,2.1,No,85.3,7.5,Poor,3,High School,Average,7,No,83.9,7.9,No,2.6
S1979,,Male,1.3,2.2,1.8,No,76.1,,Good,,,,5,No,53.4,0.4,,4
S1115,20,Female,3.7,1.2,3.3,No,88.5,7.7,Poor,4,High School,Good,7,No,82.7,4.69,No,4.5
S1632,21,Male,3.3,2,2.1,No,87.7,6.8,Poor,3,Bachelor,Poor,6,Yes,75.4,3.82,No,4.1
S1435,24,Male,2,0,3.1,No,73.7,6.3,Good,3,High School,Average,5,Yes,58.3,1.36,No,3.1
S1883,24,,,,,No,82.3,5.8,Good,4,High School,,6,No,75.5,3.01,Yes,0
S1934,24,Male,5.1,1.5,3.2,No,78.6,7,Poor,4,High School,Poor,7,Yes,89.3,9.23,No,4.7
S1571,19,Male,3,4.5,0.9,No,59.7,7.1,Fair,4,Master,Good,6,Yes,51.5,3.28,No,5.4
S1950,19,Female,2.7,1.1,3.1,No,77.6,4.7,Fair,2,High School,Average,4,No,50.8,2.3,Yes,4.2
S1711,18,Male,3.2,3.1,2,No,100,5.4,Good,3,High School,Average,5,No,70.9,3.25,Yes,5.1
S1266,20,Female,,3.2,,No,86.5,9.3,,,Master,,10,Yes,100,3.93,No,3.2
S1267,24,Female,1.8,2.4,3.3,Yes,92.7,8.7,Fair,2,Bachelor,Good,6,No,53.3,-2.59,No,5.7
S1768,20,Female,5.2,4.4,0.5,No,81.6,6.2,Fair,2,High School,Poor,5,No,74,7.58,No,4.9
S1811,19,Female,,2.4,0.6,Yes,87,7.1,Good,2,High School,Average,5,No,53,4.32,No,3
S1307,18,Female,4.1,2.5,1.9,Yes,91.5,7.6,Fair,3,High School,Good,6,No,75.4,3.59,No,4.4
S1597,23,Male,4.9,1.6,4,No,87.1,8,Fair,3,Bachelor,Poor,7,No,95.5,7.79,No,5.6
S1667,20,Female,5.6,2.4,2.3,No,94.7,7,Fair,5,High School,Average,8,Yes,100,8.9,No,4.7
S1006,21,Female,5.6,1.5,1.4,Yes,85.8,6.5,Good,5,,Poor,8,No,89.8,11.13,No,2.9
S1258,24,Female,5.8,3,0.4,No,66.5,3.2,Fair,3,High School,Average,5,No,90.8,10.45,Yes,3.4
S1825,20,Male,4.3,1.3,0,Yes,90.2,6.3,Good,,High School,Average,8,No,90.4,8.71,No,1.3
S1366,22,Male,6.3,3,1.6,No,93.6,7.7,Poor,4,High School,Average,8,Yes,94.8,10.82,No,4.6
S1308,24,Male,1.7,3.3,1.3,No,94.7,5.8,Fair,3,Master,Good,5,Yes,61.5,-2.09,Yes,4.6
S1040,19,Female,3.7,4.7,2,No,98.8,8.5,Good,4,Bachelor,Good,8,No,69.7,3.11,No,6.7
S1755,22,Male,2.7,4.7,1.7,Yes,67.5,5.7,Poor,5,Master,Good,6,No,59.3,1.72,Yes,6.4
S1798,17,Female,5.1,3.9,3,No,79.3,7.2,Good,4,Bachelor,Average,7,No,90.6,6.23,No,6.9
S1301,17,Male,1.7,3.4,3.9,Yes,97,6.6,Good,2,High School,,4,No,41.7,-1.91,No,7.3
S1017,24,Female,3.4,2.7,1.2,No,94.7,7.5,Poor,4,High School,Average,7,Yes,70.8,5.38,No,3.9
S1421,18,Female,5.2,3,3.3,No,76,4.6,Good,4,High School,Poor,6,Yes,87.1,5.89,Yes,6.3
S1570,,,3.2,4,,No,74.5,8,Good,3,,,6,Yes,61.8,1.87,No,4
S1368,19,Female,2.8,5,0,Yes,82.4,4.2,Fair,2,Bachelor,Good,,No,71,2.09,Yes,5
S1616,17,Male,2.6,2.2,0,No,83.3,7,Fair,4,Bachelor,Good,7,No,79.3,3.19,No,2.2
S1784,18,Male,4.4,2.9,1.3,No,80.7,7.2,Fair,4,High School,Good,8,No,91.3,6.39,No,4.2
S1172,19,Male,3.2,0.7,3.5,No,74.3,,Good,3,High School,Good,6,No,68.3,5.18,,4.2
S1670,17,,,0.5,1.6,No,72.3,5.5,,4,,Good,7,,88.9,6.09,Yes,2.1
S1758,17,Male,3.2,2.6,2.8,No,100,7.1,Fair,3,High School,Good,6,Yes,75.4,3.69,No,5.4
S1018,24,Other,2,4.9,2.9,Yes,88.3,7.1,Good,2,High School,Good,5,No,43.9,-0.9,No,7.8
S1032,20,Other,2.6,4.9,4.3,No,82.1,6.9,Good,,Bachelor,Good,5,No,52.1,1.84,No,9.2
S1053,20,Female,4.8,2,3.5,No,100,6,Good,3,Bachelor,Good,6,Yes,70.6,7.36,No,5.5
S1191,19,Male,0.8,3.2,1.4,No,84.9,8.3,Good,4,Master,Average,6,No,45.1,-1.07,No,4.6
S1917,20,Male,5.3,3.2,0,No,75.2,4.4,Good,3,High School,Good,5,No,77.2,10.69,Yes,3.2
S1735,19,Male,2.9,7.2,2.9,Yes,85.5,5.7,Fair,3,High School,Good,5,No,50.1,-2.77,Yes,10.1
S1272,24,Male,4.8,2.5,2.4,Yes,74.7,6.4,Good,4,High School,Good,7,No,76.2,8.46,No,4.9
S1561,19,Other,3.1,1.9,3.7,No,,7.9,Good,5,Bachelor,,8,Yes,66.6,3.27,No,5.6
S1259,19,Female,4.3,0.9,1.2,No,80.7,6.3,Fair,4,Master,Good,6,No,72.6,7.78,No,2.1
S1899,19,,,2,1.5,No,,,Poor,,High School,Average,5,,55.7,2.05,,3.5
S1078,23,Female,4.4,2,2,Yes,85.8,7.1,Good,4,Master,Good,7,No,77.3,3.67,No,4
S1817,19,Female,4.9,1.5,3.4,No,71.4,6.9,Good,4,High School,Good,7,Yes,88.2,9.76,No,4.9
S1565,18,Female,5.1,2.5,2.4,No,90.3,5,Poor,3,Master,Good,5,No,79.3,8.98,Yes,4.9
S1042,18,Male,3.7,3.4,2,No,88.9,6.8,Fair,3,High School,Poor,6,Yes,63.5,7.67,No,5.4
S1225,18,Female,,1.6,,,64.3,,Good,4,Master,,7,Yes,74.3,5.48,,1.6
S1781,19,Female,2.9,1.9,3.2,No,82.4,6.4,Fair,,Bachelor,Good,5,No,66.9,0.08,No,5.1
S1027,18,Male,3.2,2.2,2.8,Yes,88.1,4.8,Fair,3,Bachelor,Average,5,No,71.1,2.42,Yes,5
S1944,21,Female,1.7,1.6,1.7,No,61,6.7,Fair,5,Bachelor,Good,7,Yes,67.9,-0.95,No,3.3
S1433,24,Female,4.9,2.6,0.2,No,100,6,Good,4,Bachelor,Average,7,Yes,89.3,8.76,No,2.8
S1025,22,Male,4.9,4.3,3.3,No,,9,Fair,4,High School,Average,8,Yes,69.9,6.77,No,7.6
S1418,24,Female,2.4,2.8,0.9,,,,,4,,Average,6,Yes,54.7,3.12,,3.7
S1902,22,Male,,2.4,0.8,No,72.7,5.8,Fair,3,,Good,5,No,66.7,6.33,Yes,3.2
S1236,22,Male,1.5,1.4,2.4,No,80.9,6,Good,1,High School,Good,3,No,46.2,2.02,No,3.8
S1275,20,Male,3.9,2.1,2.8,No,,6.7,Fair,4,Bachelor,Average,7,No,77.8,4.54,No,4.9
S1842,17,Female,2.3,2,1.8,No,85.3,7.5,Fair,3,Bachelor,Average,6,No,71.4,2.12,No,3.8
S1685,22,Female,2,1.2,2.7,No,67.2,,Poor,4,Bachelor,Average,6,No,55.4,2.59,,3.9
S1134,23,Male,3.6,1.5,0.5,No,73.2,7.2,Fair,3,Bachelor,Good,6,No,70.7,8.2,No,2
S1105,18,Male,1.4,3.9,3.9,Yes,68.1,8,,3,High School,Average,5,Yes,32.8,-4.42,No,7.8
S1007,21,Female,4.3,1,2,Yes,77.7,4.6,Fair,3,Bachelor,Average,5,No,72.6,7.47,Yes,3
S1125,24,Male,1.5,3.1,3.5,No,95.5,7.4,Fair,5,High School,Average,7,No,44,-1.15,No,6.6
S1721,19,Male,5.9,0,2,Yes,84.6,8.3,Poor,3,,Good,7,No,100,13.87,No,2
S1230,22,Male,4.2,0.3,0.1,No,80,7.9,Poor,4,High School,Poor,8,Yes,100,10.39,No,0.4
S1896,22,Male,2.8,1.8,3.4,Yes,74,5.1,Good,2,High School,Average,4,No,58.4,1.65,Yes,5.2
S1360,20,Female,5.3,2.7,2.4,Yes,85.8,5.4,Good,3,High School,Good,6,No,81,7.46,Yes,5.1
S1888,20,Other,3,3,1.7,Yes,79,7.4,Fair,4,Bachelor,Good,7,Yes,69.8,1.11,No,4.7
S1465,23,Male,5.1,1.5,0.8,No,81,5.5,Fair,3,High School,Good,6,No,83.2,8.62,Yes,2.3
S1783,20,Male,3,2.3,0,No,66,7.5,Good,4,High School,Good,7,No,77.9,3.13,No,2.3
S1562,23,Female,4.6,1.2,0,No,63.1,,Good,4,High School,Average,7,No,91.7,9.23,,1.2
S1600,21,Male,6,3.3,2.2,No,74.4,5.4,Fair,4.0 days/wk,High School,Average,7,Yes,90.2,10.6,Yes,5.5
S1199,19,Female,3.8,3,0.7,No,85.5,5.1,Fair,2,Bachelor,Good,4,No,61.6,4.48,Yes,3.7
S1538,21,Male,4.3,3.2,2.8,No,83.3,4.3,Poor,3,High School,Poor,5,No,67.5,4.32,Yes,6
S1262,21,Male,3,2.2,2.3,No,76.5,6.1,Poor,0,Master,Average,3,No,49.1,2.46,No,4.5
S1283,23,Male,1.6,3.3,3.5,Yes,73,8.1,Good,2,High School,Good,5,No,47.1,-0.56,No,6.8
S1119,21,Female,3,3.1,2.4,Yes,73.8,8.3,Fair,4,High School,Average,7,No,66.3,1.12,No,5.5
S1292,17,Female,3.9,2.4,1.7,Yes,91,7.5,Good,3,Master,,6,Yes,74.2,5.06,No,4.1
S1080,23,Male,2.9,2.6,1.8,No,64,9.1,Good,3,,Good,7,No,70.7,0.92,No,4.4
S1294,18,Male,4.3,3.3,0,No,100,6.8,Fair,4,High School,Average,7,No,94.9,7.44,No,3.3
S1611,18,Male,6,1.6,1.3,No,89.7,5.5,Fair,4,High School,Poor,7,No,100,10.37,Yes,2.9
S1214,19,Male,5.7,,,,100,,Fair,3,High School,Average,,No,100,7.67,,0
S1211,23,Female,6.1,1.8,0.5,No,82.9,6.1,,5,Bachelor,Good,,Yes,98.3,9.01,No,2.3
S1441,24,Female,5.6,3.2,1,No,,6.6,Fair,3,,Average,6,No,82.7,7.46,No,4.2
S1390,19,Female,3.3,0.6,1.2,Yes,79.8,5.9,Good,,High School,Good,5,No,73,5.55,Yes,1.8
S1639,24,Female,3.5,2.9,0.7,No,65.4,7.9,Poor,2,High School,,6,No,62.9,5.28,No,3.6
S1602,20,Female,3.6,3.6,0.9,No,72.7,5.9,Poor,4,High School,Average,,Yes,72.9,5.5,Yes,4.5
S1797,23,Male,8.2,2.2,1.5,No,83.1,5.7,Poor,4,Master,Good,7,Yes,100,15.05,Yes,3.7
S1861,17,Male,3.9,1.9,0.2,No,82.4,,Fair,3,Bachelor,Poor,7,Yes,93.5,6.88,,2.1
S1630,17,Female,0.7,3.2,2.4,No,95.9,8.3,,2,Master,Average,5,Yes,50.3,-3.3,No,5.6
S1489,21,Female,7.4,3.6,1.3,No,91.6,7.1,Good,4,High School,Good,8,Yes,100,11.38,No,4.9
S1799,19,Female,3.8,1.2,2,No,82.2,7.1,Good,3,Bachelor,Average,6,Yes,66.3,5.95,No,3.2
S1751,21,Female,6.8,2.9,2,No,,5.4,Fair,2,High School,Average,6,No,96.2,10.93,Yes,4.9
S1427,20,Female,2.9,2.3,,Yes,75.7,,Fair,,Bachelor,Good,,,75.1,2.74,,2.3
S1723,17,Female,2.6,3,0.8,No,78.3,6.9,Good,4,Bachelor,Average,6,No,53.2,-1.59,No,3.8
S1627,22,Male,2.4,0.9,0.8,No,92.5,8.3,Fair,3,Bachelor,Average,7,No,78.3,2.39,No,1.7
S1015,21,Male,3.1,5,1,No,97.5,6.5,Good,3,High School,Average,6,No,74,1.54,No,6
S1820,23,Male,2,2.8,3.3,No,90.7,6.9,Fair,2,Master,Poor,5,No,50.7,-0.16,No,6.1
S1962,22,Male,3.5,3.1,2.9,Yes,85.4,6.5,Good,3,Master,Average,5,No,55.1,4.03,No,6
S1871,24,Male,2,1.7,0.2,Yes,81.4,7.3,Poor,3,Master,Good,6,Yes,66.5,3.46,No,1.9
S1101,18,Male,,3,1.9,No,78.1,4.5,Good,2.0 days/wk,,Average,4,No,74,3.38,Yes,4.9
S1998,24,Male,5.4,4.1,1.1,Yes,100,7.6,Fair,3,Bachelor,Average,6,No,69.7,7.67,No,5.2
S1434,20,Male,0,3.5,3.2,No,72.6,6.2,Fair,4,High School,Good,5,No,26.2,-3.61,No,6.7
S1580,22,Female,3.3,3,1,No,90,8.5,Good,4,Master,Average,7,No,73,4.58,No,4
S1606,23,Male,6.8,2.5,0.7,No,97.2,4.4,Good,2,Bachelor,Poor,5,No,93.1,9.72,Yes,3.2
S1729,20,Male,3.5,3,2.7,No,,,Fair,2,High School,Good,5,No,66.7,4.21,,5.7
S1522,22,Female,2.1,2.1,2,No,,5.7,Fair,2,High School,Good,4,Yes,44.1,-1.41,Yes,4.1
S1030,21,Female,3.7,0.6,1.3,No,75.6,7.5,Fair,3,Master,Average,6,No,70.6,6.03,No,1.9
S1877,18,Female,2.7,2.7,1.6,No,76.6,4,Good,2,High School,Average,3,No,36.9,3.06,Yes,4.3
S1271,24,Female,4.7,1.3,3.3,Yes,79.9,6.7,Good,2.0 days/wk,Master,Good,5,No,73.6,4.12,No,4.6
S1143,24,Male,2.4,2.8,0.7,No,99.8,8.1,Fair,4,High School,Good,7,No,62,2.42,No,3.5
S1644,,,,,0.8,,100,6.2,Fair,2,Bachelor,Average,4,Yes,35.3,3.22,No,0.8
S1841,24,Male,3.3,1.5,1.8,Yes,81.4,6.9,Fair,3,High School,Average,6,No,62.6,4.52,No,3.3
S1794,17,Female,2.6,1.4,1.2,No,83.6,8.5,Poor,3,Bachelor,Average,7,No,80.3,2.25,No,2.6
S1814,20,Male,3.5,3.6,2.2,No,84.5,7.6,Fair,4,High School,Average,7,No,75.1,2.67,No,5.8
S1500,23,Male,5.5,1.1,1.4,No,84.4,4.9,Fair,4,Bachelor,Good,6,No,84.5,9.85,Yes,2.5
S1174,24,Male,,3.6,3.3,Yes,80.2,7.7,Good,4,High School,Poor,7,No,69.3,1.34,No,6.9
S1064,,Male,3.2,,2.1,No,,5.2,Good,,High School,Poor,,,68.6,3.74,Yes,2.1
S1646,21,Female,3.9,2.4,1.8,No,100,6.2,Poor,1,High School,Average,4,No,68.4,5.95,No,4.2
S1213,23,Male,1.1,3.1,3.8,No,88.3,6.8,Good,3,Bachelor,Poor,5,No,45.5,-3.07,No,6.9
S1594,20,Male,4.3,2.4,1,Yes,97.9,7.2,,4,High School,Average,8,No,88,8.65,No,3.4
S1882,19,Other,2.7,1.8,0,No,72.5,6.5,Fair,2,Bachelor,Poor,5,No,68.2,2.17,No,1.8
S1377,17,Female,2.7,3.6,0.9,No,86.9,7.2,Good,3,High School,Poor,6,Yes,67.9,2.12,No,4.5
S1718,24,Female,17.9,2.9,0.1,No,76.2,5.8,Poor,2,Bachelor,Good,4,No,49.9,35.27,Yes,3
S1785,17,Female,2.9,1.1,2.8,No,100,7.8,Poor,4,High School,Average,7,No,68.4,4.21,No,3.9
S1466,,Female,,4.2,0.9,,90.3,6.1,Good,,,Average,5,No,59.7,1.94,No,5.1
S1727,19,Male,4.1,4.2,1.6,No,70.2,3.3,Good,2,High School,Good,3,No,57.4,4.6,Yes,5.8
S1660,24,Female,,2.2,1.4,No,89.1,5.9,Good,3,High School,Good,6,Yes,79.5,4.61,Yes,3.6
S1678,18,Female,,5.2,0.7,Yes,79.9,7.4,Good,,Master,Good,6,Yes,53.4,3.09,No,5.9
S1608,20,Female,3.7,1.9,2.5,No,81.3,6.6,Fair,1,Bachelor,Good,4,Yes,61.1,5.25,No,4.4
S1946,21,Female,2.1,0.9,1.5,No,91.7,5.6,Fair,1,Bachelor,Good,4,Yes,55,2.72,Yes,2.4
S1319,22,Male,,3.3,3.3,No,73.7,3.9,Good,,Master,Average,4,Yes,59.4,3.94,Yes,6.6
S1612,20,,,,0.9,No,80.1,,Fair,3.0 days/wk,Master,,,No,69.3,7.32,,0.9
S1960,17,Male,7.1,1.9,1.1,Yes,69.3,5.6,Good,4,High School,Average,7,No,100,12.36,Yes,3
S1774,18,Female,7.5,3.6,1.9,Yes,85.9,7.8,Fair,4,Bachelor,Average,8,No,100,11.17,No,5.5
S1511,18,Other,2.9,3.2,2.8,No,100,5.9,Fair,3,High School,Average,5,No,63,4.03,Yes,6
S1612,20,,,,0.9,No,80.1,,Fair,3.0 days/wk,Master,,,No,69.3,7.32,,0.9
S1651,24,Female,3.7,1.7,2.3,Yes,57.6,6.2,Good,4,Master,Average,,No,75.7,6.18,No,4
S1476,17,Female,2.1,2.7,1.4,No,77.4,4.3,Good,2,,Good,3,Yes,39.9,0.37,Yes,4.1
S1852,21,Male,2.3,1,0.7,No,67.5,5.2,Good,2,Bachelor,Good,5,No,72.5,3.6,Yes,1.7
S1588,20,Other,3.8,3,3.4,No,76.4,7.8,Fair,4,High School,Average,7,No,61.5,4.66,No,6.4
S1344,19,Male,14.4,1.2,1.2,No,78.6,6.6,Fair,3,High School,Poor,6,Yes,81.7,28.22,No,2.4
S1796,21,Male,0.3,3.6,1.7,No,95.2,6.7,Poor,2,Bachelor,Average,4,Yes,33.6,0.61,No,5.3
S1518,24,Female,5,2.6,3.1,No,94.8,4.7,Poor,3,Bachelor,Good,5,No,79.6,6.23,Yes,5.7
S1698,18,Female,3.9,3.9,1,No,77.2,5.6,Fair,4,High School,Poor,6,No,71.5,2.55,Yes,4.9
S1317,17,Male,4.1,4.2,0,No,70.2,6.9,Good,3,High School,Average,6,Yes,80.4,4.21,No,4.2
S1375,20,Male,1.1,2.1,3.6,Yes,97.3,8,Fair,2,Bachelor,Average,5,Yes,50.3,-0.53,No,5.7
S1135,21,Male,3.4,3.1,0.6,No,82.8,4.7,Fair,4,Bachelor,Good,6,No,74.3,6.83,Yes,3.7
S1625,18,Female,1.3,2.1,1.2,No,84.7,8.1,Poor,3,High School,Good,6,Yes,46.6,-0.51,No,3.3
S1467,17,Male,5.4,3.3,2.6,No,85.9,7.1,Fair,4,High School,Good,8,No,98.1,7.06,No,5.9
S1247,17,Female,5.8,3.5,1.9,No,88.7,8.8,Fair,4,Bachelor,Good,8,Yes,90,9.17,No,5.4
S1396,,,4.9,0,2.5,,,6,Fair,2,Master,,6,No,97.2,8.85,No,2.5
S1288,17,Male,5.4,1.6,1.4,No,100,7.1,Fair,4,,Average,8,No,95.5,11.26,No,3
S1357,24,Male,4.4,0,2.3,No,75.8,7,Fair,3,Bachelor,Average,7,No,81.9,7.19,No,2.3
S1943,21,Male,5.2,3.8,2.8,No,88.2,4.5,Good,3,High School,Poor,5,No,72,6.44,Yes,6.6
S1956,20,Female,3.2,2.3,1.5,No,71,5,Good,,,Good,5,No,59.6,2.15,Yes,3.8
S1532,17,Male,4.8,2.5,3.1,Yes,81.7,7.1,Fair,3,High School,Good,,Yes,83,4.88,No,5.6
S1664,17,Male,3.8,2.4,1.1,No,83.1,5,Fair,2,High School,,4,No,64.4,4.39,Yes,3.5
S1743,21,Female,4.1,2.9,0.8,Yes,80,5.8,Good,3,High School,Good,6,Yes,76.4,8.29,Yes,3.7
S1614,22,Female,2.4,1.9,0,No,75.3,6.5,Good,5,High School,Good,7,No,53.9,2.98,No,1.9
S1585,,Male,3.9,2.1,1.6,No,,,Good,3.0 days/wk,,,6,,62.8,5.85,,3.7
S1146,19,Female,3.5,3.2,2.4,No,85.8,8,Poor,2,Bachelor,Good,6,No,75.5,4.34,No,5.6
S1453,22,Female,3.4,2.5,2.2,No,63.2,7.4,Poor,3,Master,Good,6,No,63.4,4.28,No,4.7
S1800,17,Male,3.4,1.5,1,No,90.8,7.5,Good,4,Bachelor,Poor,8,Yes,86.1,6.03,No,2.5
S1638,18,Female,5.1,2.1,0.7,Yes,,6.7,Fair,3,Master,Good,7,Yes,99.4,8.95,No,2.8
S1872,18,Female,4.2,3,0.5,No,100,6,Fair,2,High School,Average,5,No,78.4,5.39,No,3.5
S1140,24,Male,2.5,3.8,2.2,No,85.4,5,Good,3,High School,Good,5,No,63.4,1.7,Yes,6
S1887,22,Male,3.5,2.1,4.9,No,97,7.2,Good,3,High School,Poor,6,No,75.9,5.46,No,7
S1668,21,Male,3.4,3.6,3.1,No,89.2,6.4,Good,1,Bachelor,Good,5,No,76.4,5.1,No,6.7
S1463,17,Male,2.5,4.2,1.9,Yes,88.1,4.8,Fair,2,Master,Good,4,No,44.5,0.07,Yes,6.1
S1737,21,Male,,4.6,2.6,Yes,100,6.6,Fair,4,High School,Average,7,Yes,72.7,4.08,No,7.2
S1495,23,Male,3.1,3.5,2.2,No,78.8,3.4,Fair,2,Master,Good,,No,49.9,3.53,Yes,5.7
S1026,22,Male,2,0.8,0.5,No,83.8,6.5,Good,2,Bachelor,Poor,,No,73.5,0.82,No,1.3
S1155,18,Male,1.5,3,2.3,No,77.9,6.6,Fair,2,High School,Good,5,No,57.3,-0.24,No,5.3
S1875,19,Female,7.6,3,2.9,No,99.4,4.8,Poor,4,High School,Good,7,No,100,10.97,Yes,5.9
S1384,21,Female,2.6,5.4,3.3,No,87.2,8,Good,3,High School,Poor,6,No,59.8,0.01,No,8.7
S1844,21,Female,0.7,3.2,0.3,Yes,72.7,7.9,Fair,3,High School,Good,6,Yes,47.2,-1.25,No,3.5
S1673,22,Male,3.9,2.2,0.2,No,85.4,6.7,Poor,3,Master,Average,6,Yes,84.9,6.81,No,2.4
S1350,20,Male,1.8,3.1,3.1,No,72.8,5.3,Good,3,High School,,5,No,54,0.09,Yes,6.2
S1370,,,,3.1,,Yes,83.7,5.5,Fair,3,High School,,5,,59.8,3.88,Yes,3.1
S1519,18,,2.9,,1.7,,99,5.3,,4,,Average,6,No,71.2,3.7,Yes,1.7
S1099,21,,,,3.4,No,,6.6,Good,3,,Good,6,No,65.6,3.81,No,3.4
S1369,23,Female,1.8,1.1,0.6,Yes,95.8,7.7,Poor,3,Bachelor,Average,6,No,70.9,1.44,No,1.7
S1813,20,Female,3.8,4.9,1.9,No,75.2,6.3,Poor,3,High School,Average,6,No,65.5,3.42,No,6.8
S1166,24,Male,2.1,1.2,1.8,No,87.5,5.1,Fair,3,High School,Average,5,No,66.7,2.64,Yes,3
S1788,24,Male,5.2,2.3,1.5,No,80.5,5.9,Fair,3,Master,Poor,6,No,82.8,7.88,Yes,3.8
S1023,24,Female,1.1,4.1,1.4,Yes,90,9,Fair,2,Bachelor,Good,5,No,43.7,-5.07,No,5.5
S1542,19,Male,4.5,4.9,0.8,No,80.2,6.2,Good,3,Bachelor,Poor,6,No,72.2,7.03,No,5.7
S1204,20,Male,5.3,1.7,1,No,79.3,5.9,Fair,2,,Good,5,Yes,78.4,10.23,Yes,2.7
S1033,18,Female,4,,1.1,,,5.8,Poor,2,High School,,,No,70.7,6.2,Yes,1.1
S1994,20,Female,1.6,1.3,2.9,No,75.3,5.6,Good,1,High School,Average,,No,41.7,-0.45,Yes,4.2
S1592,21,Female,2.5,1.9,3.2,Yes,83.2,6.5,Fair,3,Master,Average,6,No,60.1,1.52,No,5.1
S1709,24,Other,,4,2.9,No,67.6,,Poor,,,Good,,Yes,56.4,3.49,,6.9
S1683,20,Female,3.6,1.1,0.3,Yes,83.5,6.2,Fair,3,High School,Good,6,No,77.2,4.78,No,1.4
S1933,17,Female,1.8,3,2,No,81.1,4.9,Good,0,High School,Average,2,No,47.5,-1.36,Yes,5
S1514,18,Female,,,1.7,No,,6.2,Fair,3,High School,,,Yes,87.1,4.97,No,1.7
S1009,18,Female,4.8,3.1,1.3,No,95.4,,Good,4,Bachelor,Good,8,Yes,100,6.87,,4.4
S1010,19,Female,4.6,3.7,0.8,No,77.6,5.8,Fair,2,High School,,5,No,63.3,4.94,Yes,4.5
S1079,20,Male,5.9,3.3,2.8,Yes,79.9,5.5,Good,2,Master,Average,5,No,91.6,6.34,Yes,6.1
S1566,18,Male,2.7,3.7,2.3,No,86.7,7,Poor,2,High School,Good,5,Yes,63.9,2.3,No,6
S1996,17,Female,2.9,1,2.4,Yes,86,6.8,Poor,4,High School,Average,7,Yes,65.9,2.61,No,3.4
S1118,24,Female,3.8,3.3,1.9,No,72.8,6.9,Poor,4,Bachelor,Good,6,Yes,58.3,2.11,No,5.2
S1386,19,Female,2,0.8,2.6,No,95.8,6,Good,3,High School,Poor,5,No,45.2,1.37,No,3.4
S1234,20,,3,2.4,,No,,5.4,Poor,4,,,,No,62.9,2.54,Yes,2.4
S1576,21,,1.9,,1.3,No,,5.6,Fair,,,Good,5,No,61.7,1.08,Yes,1.3
S1671,22,Other,3.8,1.4,,No,,6.7,Good,2.0 days/wk,High School,,,,70.4,4.46,No,1.4
S1289,24,Female,3.5,1.7,1.3,No,74.3,6.1,Good,2,High School,Good,5,Yes,73.5,4.97,No,3
S1216,20,Female,2.5,2.1,1.5,No,90.2,5.6,Fair,2,High School,Average,4,Yes,60.3,0.5,Yes,3.6
S1049,22,Female,6.1,2.5,2.3,No,100,5.8,Poor,2,High School,Average,6,No,96.5,11.8,Yes,4.8
S1480,20,Male,3.5,4.7,1.3,Yes,81.2,5,Good,2,High School,Good,4,No,55.9,2.74,Yes,6
S1403,17,Female,4.8,2.8,3.1,No,92.7,6.4,Fair,3,High School,Good,6,No,74.9,6.72,No,5.9
S1880,21,Male,2.5,3.2,2,No,76.9,4.1,Fair,4,Bachelor,Good,4,No,41.6,2.5,Yes,5.2
S1473,20,Male,5,2.9,2.6,No,96.2,6.7,Poor,4,High School,Average,7,No,80.6,5.62,No,5.5
S1598,20,Female,5.9,1.1,2.1,Yes,83.4,5.7,Poor,3,Master,Average,6,Yes,86.4,12.43,Yes,3.2
S1144,24,Male,4.3,4.9,3,No,75.1,8.4,Fair,4,Master,Good,7,Yes,74,5.06,No,7.9
S1455,19,Male,8.3,3.3,2.6,Yes,86.6,6.5,Fair,3,High School,Average,7,No,100,12.52,No,5.9
S1674,20,Female,2.6,2.2,0.7,No,91.6,7.3,Poor,2,High School,Poor,5,No,63.6,5.14,No,2.9
S1772,17,Female,2.8,1.4,2.8,No,77.3,8.3,Poor,4,Master,Poor,8,No,73,3.02,No,4.2
S1333,19,Male,3.8,4.2,1.2,No,92.2,7.1,Good,3,High School,Good,6,No,72.3,2.72,No,5.4
S1112,24,Female,1.9,1.7,2.8,No,96.2,4.9,Fair,2,Bachelor,Poor,4,Yes,43.9,1.39,Yes,4.5
S1405,20,Female,3.1,2,1.9,No,89.3,6.4,Good,3,High School,Good,6,Yes,65.4,4.2,No,3.9
S1539,18,Male,3.8,4.1,1.6,No,,7.2,Good,3,High School,Good,6,Yes,81,4.07,No,5.7
S1853,19,Female,2.1,0.8,2,No,85.9,7.3,Good,4,Master,Good,7,Yes,68.4,4.2,No,2.8
S1389,17,Male,5.3,5,1.8,No,84.9,4.8,,2,High School,Average,5,No,79.6,7.33,Yes,6.8
S1338,20,Female,5,3.4,1.6,Yes,80.9,6,Good,3,Bachelor,Average,6,Yes,67.7,8.33,No,5
S1578,18,Male,4.9,4.4,1.4,Yes,97,6.7,Fair,2,High School,Average,5,No,77.2,6.47,No,5.8
S1923,23,Male,0.1,1.2,0,No,78.7,7.6,Poor,2,High School,Good,5,No,53.4,-1.29,No,1.2
S1633,17,Male,4.5,1.4,1.5,No,75,8,Good,3,Master,Good,7,Yes,83.7,9.39,No,2.9
S1583,,Female,5.2,,2,No,,,Fair,,Bachelor,Poor,7,Yes,70.5,7.91,,2
S1351,17,Female,3.2,3.2,0.8,No,98.6,7.3,Good,4,High School,Good,7,No,70.4,4.07,No,4
S1662,21,Male,3.2,2.4,1.8,No,86.1,4.4,Fair,3,High School,Average,5,Yes,76.3,2.97,Yes,4.2
S1802,17,Male,,1.9,1.9,,,,Fair,3,,Good,6,No,82.9,3.39,,3.8
S1876,18,Male,4.1,2.1,2.4,No,87.2,5.5,Fair,3,High School,Good,6,No,83.1,3.61,Yes,4.5
S1778,24,Male,5.1,0.5,1.4,No,88.9,4.1,Good,3,Bachelor,Average,6,No,100,10.29,Yes,1.9
S1607,24,Female,3.2,3,3.2,No,83,6.3,Poor,2,Bachelor,Average,4,Yes,57.5,-1.02,No,6.2
S1322,20,Male,6.1,4.9,1.4,No,68.7,5.3,Good,3,Bachelor,Good,6,No,96.1,8.62,Yes,6.3
S1502,21,Female,0.3,,2.2,No,,7.1,Poor,,,Average,,Yes,34,-0.86,No,2.2
S1549,23,Male,,4.4,1.8,No,92.5,9.5,Good,3,Bachelor,Average,7,No,51.5,3.28,No,6.2
S1840,23,Male,2.5,0.2,0.9,Yes,89.5,7.5,Good,4,High School,Good,7,Yes,80,6.86,No,1.1
S1183,19,Female,5.3,1.9,3.2,No,93.2,6.1,Fair,4,High School,Average,7,Yes,85.7,8.74,No,5.1
S1367,18,Male,5.8,3.2,4.1,No,90.5,7.9,Poor,4,Bachelor,Good,8,No,99.3,7.68,No,7.3
S1373,24,Male,3.3,1.4,0.4,No,75.2,6.5,Poor,4,Bachelor,Good,7,Yes,72.9,4.77,No,1.8
S1342,,Male,,2.1,,No,77.2,5,,2,High School,Average,4,,54.7,3.95,Yes,2.1
S1306,20,Female,6,1.6,1.3,No,92.5,8.1,Fair,5,Bachelor,Average,,No,100,11.4,No,2.9
S1217,21,Other,5.1,0.9,0.7,No,79.7,5.5,Fair,3,High School,Good,6,No,87,8.83,Yes,1.6
S1536,24,Male,2,,,No,81.3,,Good,,Bachelor,Good,,Yes,40.4,-0.39,,0
S1037,17,Male,4.3,2.5,0,Yes,64.1,3.9,Good,1,High School,Average,3,No,59.4,7.37,Yes,2.5
S1313,23,Female,3.5,0.8,0.6,No,89.2,7.7,Good,4,High School,Good,8,No,84.2,7.81,No,1.4
S1572,17,Male,3.5,3.2,0,No,82.7,5,Good,3,High School,,5,No,60.4,4.81,Yes,3.2
S1188,23,Female,1.4,3.3,2.5,No,91.9,8.3,Fair,2,High School,Poor,5,Yes,46.5,-1.35,No,5.8
S1462,22,Male,4.9,2.6,0,Yes,66.1,7.6,Poor,3,,Good,7,No,80.9,8.46,No,2.6
S1036,20,Female,3.5,3,2.6,No,74.9,7.3,Fair,4,,Good,7,No,70.7,3.82,No,5.6
S1682,23,Female,2.7,4.3,2.9,No,88.9,4.8,Poor,2,High School,Average,4,No,53.4,0.42,Yes,7.2
S1771,21,Female,4.2,2,3.5,No,88,6.5,Good,,High School,Average,6,No,84.6,5.93,No,5.5
S1856,19,Female,3.1,0.7,1.3,Yes,,,,3,High School,,,Yes,81.5,3.75,,2
S1512,23,Female,2.9,2.8,0.5,No,88.2,3.8,Good,2,High School,Poor,4,Yes,61.6,4.75,Yes,3.3
S1459,19,Female,5.2,4.2,2.8,Yes,93,7.5,Poor,2,High School,Good,6,No,77.9,4.66,No,7
S1233,20,Female,3.7,1.7,1.7,No,73.7,7,Fair,3,Master,Poor,6,Yes,80.8,5.83,No,3.4
S1846,18,Male,3.5,3.1,0,No,89.6,6.6,Fair,3,Bachelor,Good,6,Yes,75.5,3.36,No,3.1
S1582,20,Male,3.6,2.6,2.2,No,72.6,3.3,Fair,3,High School,Good,4,No,61,3.69,Yes,4.8
S1411,24,Male,,0.8,3.2,Yes,63,8,Good,3,High School,Good,6,No,58.2,4.76,No,4
S1707,24,Male,5.2,1.4,3.6,No,98.6,5.7,Good,4,Bachelor,Average,7,No,92,7.99,Yes,5
S1065,18,Female,3.3,,0.7,,80.5,,Poor,,Master,Good,7,,69.6,4.92,,0.7
S1399,17,Male,3.1,3.6,0.4,No,80,6.6,Poor,4,Bachelor,Good,6,Yes,59.6,-0.87,No,4
S1163,20,Male,4.2,4.5,2.1,No,85.7,5.6,Poor,2,Master,Good,5,No,70.6,5.44,Yes,6.6
S1263,17,Female,2.2,2.4,2.3,Yes,94.3,6.1,Poor,,Bachelor,Average,5,No,62.7,2.52,No,4.7
S1493,22,Female,3,3.7,0.9,No,67.3,1.9,Poor,2,Bachelor,Average,5,No,73.9,1.54,Yes,4.6
S1659,18,Male,2,0.2,0.5,No,67.6,8.1,Good,3,Bachelor,Average,7,Yes,73.6,2.53,No,0.7
S1235,20,Female,,0.8,0.3,No,72.3,6.7,Fair,3,High School,Poor,6,No,71.5,4.89,No,1.1
S1175,22,Other,3,3.2,0.3,No,100,5,Good,3.0 days/wk,Master,Good,5,No,65.3,1.31,Yes,3.5
S1724,17,Male,3.5,0,1.7,No,84.5,7.5,Poor,,High School,Average,7,Yes,70.5,7.04,No,1.7
S1930,23,Male,4,0.3,0.6,No,78.4,7.8,Good,3,Master,Good,7,No,89.5,8.72,No,0.9
S1071,18,Female,1.4,3.4,0,No,89.9,4.6,Fair,4,High School,Poor,5,Yes,55.1,0.81,Yes,3.4
S1999,19,Female,4.3,2.9,1.9,No,89.4,7.1,Good,4,Bachelor,Average,7,No,74.9,4.98,No,4.8
S1089,18,Male,1.2,3.6,0,No,72.7,6.6,Poor,3,High School,Average,5,Yes,41.1,0.72,No,3.6
S1117,22,Male,4.1,1.1,1.9,No,82.3,7.5,Good,2.0 days/wk,High School,Good,6,No,80.8,6.25,No,3
S1321,21,Male,2.9,4.6,0,Yes,77.6,4.9,,3,,Good,5,Yes,67.8,3.57,Yes,4.6
S1699,19,Male,3.9,2.7,1.6,No,92.1,6,Fair,3,Bachelor,Average,6,No,77.8,4.88,No,4.3
S1955,19,Female,2.7,2.8,1.4,Yes,92.2,10,Poor,5,High School,Average,10,No,86.9,2.84,No,4.2
S1849,22,Male,4.9,1.9,2.5,No,90.9,6,Fair,3,Bachelor,Average,7,No,98.7,8.35,No,4.4
S1061,23,Male,4,1.7,2.6,No,100,5,Fair,3,,Good,5,No,75,7.21,Yes,4.3
S1702,17,Male,4.7,1.2,1.8,No,81.6,6,Fair,3,Master,Good,6,No,83.1,7.68,No,3
S1186,18,Female,0,1.9,1.5,No,82.4,5.6,Fair,3,Bachelor,Average,5,No,55.2,-1.56,Yes,3.4
S1720,18,,,0,,,95.1,5,Good,,Bachelor,Average,6,No,94.2,7.87,Yes,0
S1401,20,Male,2.4,2.6,1,No,77,6,Good,2,High School,Good,4,Yes,48.3,1.36,No,3.6
S1232,20,Female,6.5,0.7,1.7,No,77.3,6.3,Good,4,Master,Average,7,No,100,12.79,No,2.4
S1507,19,Female,2.7,1,2.4,No,79.6,7.6,Fair,2,High School,Poor,5,No,57.3,2.64,No,3.4
S1072,17,Male,3.4,0.1,0.6,No,77.7,7.9,Fair,4,High School,Average,7,Yes,77.1,7.56,No,0.7
S1548,18,Female,3.3,2.1,2.3,No,,7.3,Poor,3.0 days/wk,High School,Poor,6,No,67.1,4.45,No,4.4
S1270,22,Male,4,3.2,2.3,Yes,96.6,6,Good,4,High School,Good,6,Yes,63,4.2,No,5.5
S1111,,Female,4.4,,0.8,No,,,Good,3,High School,Average,6,,76.9,7.73,,0.8
S1914,20,Female,,1.6,1.3,Yes,87.4,5.2,Good,,,,,No,72.9,3.79,Yes,2.9
S1497,20,,5.5,3.6,0,No,,,,3,High School,Average,6,,80.3,8.5,,3.6
S1477,24,Male,4.1,3.6,2.2,No,93.8,6.9,Poor,4,High School,Poor,7,No,84,4.15,No,5.8
S1226,21,Male,5.5,2.2,0.9,Yes,84.1,5,Fair,3,Bachelor,Good,6,No,88.7,10.98,Yes,3.1
S1329,24,Male,5.4,0.2,0,No,76.8,6.7,Fair,4,Bachelor,Average,8,No,100,9.87,No,0.2
S1757,19,Female,2.6,3.3,2.4,No,74.5,7.1,Fair,3,Master,,5,Yes,44.5,0.96,No,5.7
S1701,24,Male,4.7,3.1,0.9,No,74.9,4.9,Good,4,High School,Average,7,Yes,96.4,5,Yes,4
S1195,18,Female,0,2.8,1.6,No,93.4,5.8,Fair,3,Bachelor,Good,4,No,26.7,-3.58,Yes,4.4
S1336,21,Female,6.6,2.2,2.7,No,73,6.4,Good,3.0 days/wk,Bachelor,Poor,7,Yes,100,11.74,No,4.9
S1745,18,Female,4.2,3.4,1.4,No,81.6,6.8,Good,3,Master,Average,6,No,74,5.57,No,4.8
S1766,21,Male,0,2.4,2.9,No,,3.8,,1,High School,Average,2,No,30.5,-3.53,Yes,5.3
S1028,24,Male,4.3,2,2.8,Yes,78.4,8.1,Good,,High School,Poor,7,Yes,82.8,6.56,No,4.8
S1584,22,Female,,0,0.7,No,77.5,6.1,Good,3,Bachelor,Average,5,No,52.5,6.97,No,0.7
S1714,24,Female,5.5,2.5,1,No,83.2,6.8,Fair,4,Bachelor,Good,7,Yes,80.6,8.18,No,3.5
S1481,22,Female,5.6,2.2,1.6,No,65.2,8.3,Good,3,Master,Poor,7,No,84.6,6.31,No,3.8
S1137,17,Male,3.1,4.2,0.8,No,69.4,7,Good,3,Bachelor,,6,No,64.7,3.02,No,5
S1893,21,Female,3,1.6,2,No,98.6,6,Good,,Bachelor,Good,6,No,67.7,4.52,No,3.6
S1970,24,Female,4.2,2.4,1.5,No,83.2,5.1,Fair,3,Bachelor,Average,6,Yes,85.9,6.45,Yes,3.9
S1464,20,Male,6.3,3,3.9,Yes,73.1,6.9,Fair,3,Master,Average,7,No,85.3,9.97,No,6.9
S1393,24,Male,2.3,3,4.6,No,67.5,,Fair,4,Bachelor,Average,6,No,51.8,-0.95,,7.6
S1382,20,Male,6,2.2,2.8,Yes,83.1,7.6,Good,2,Bachelor,Average,7,No,96.8,10.53,No,5
S1985,18,Male,5.7,3.1,0,Yes,86.6,5.7,Fair,2,Master,Good,5,Yes,80.9,10.34,Yes,3.1
S1982,20,Female,3.8,2.4,2.2,Yes,91.5,8.6,Fair,3,High School,Good,7,No,88,6.59,No,4.6
S1889,17,Male,3.7,3.9,2.2,Yes,68.3,5.8,Fair,4,High School,Good,6,No,66.6,3.13,Yes,6.1
S1885,21,Male,5.2,0,1.3,No,87.7,8.7,Fair,6,High School,Poor,10,No,100,8.94,No,1.3
S1637,23,Female,2.3,0.4,2,No,81.3,5.9,Fair,3.0 days/wk,High School,Good,6,Yes,70.3,4.65,Yes,2.4
S1461,21,Female,1.3,3.4,2.2,No,92.3,5,Fair,2,Master,Poor,4,No,49.7,-0.38,Yes,5.6
S1328,24,Female,1.2,2.5,0.8,Yes,96.9,5.8,Good,3,Master,Good,5,No,50.3,1.46,Yes,3.3
S1012,19,Female,3.7,2.1,0.4,Yes,81.1,4.5,Fair,3,Bachelor,Good,5,No,76.9,6.52,Yes,2.5
S1623,18,Female,4.6,1.2,0.5,No,92.8,8.2,Good,5,Master,Good,9,No,93,7.15,No,1.7
S1911,21,Male,5.4,4.5,1,No,75.1,7.1,Fair,4,High School,Good,7,No,83.9,6.13,No,5.5
S1206,24,Male,3.5,1.9,1.2,No,95.3,6.5,Poor,4,Bachelor,Average,,Yes,92.6,5.11,No,3.1
S1103,20,Male,2.1,1.2,3.1,No,88.8,7.5,Good,2,Master,Average,5,No,50.4,-0.26,No,4.3
S1469,20,Male,4.8,1.9,1.1,No,85.1,,Fair,,Bachelor,Good,8,Yes,96.1,7.2,,3
S1309,22,Male,4.2,2.2,1.6,No,84.9,7.1,Fair,3.0 days/wk,High School,Good,6,Yes,73.3,5.36,No,3.8
S1501,21,Female,3.3,1.4,1,No,96.8,6.2,Good,5,Bachelor,Poor,7,No,74.9,4.73,No,2.4
S1222,22,Male,6.7,2.9,2,No,83.2,6.6,Good,4,Bachelor,Average,8,No,100,9.56,No,4.9
S1153,19,Female,4.3,3.1,0.7,No,77.9,6.5,Good,4,High School,Average,7,No,81.4,5.2,No,3.8
S1180,,,3.7,3.3,,Yes,,7.5,Fair,4.0 days/wk,,Good,7,No,69.2,3.84,No,3.3
S1742,18,Female,5.3,1.8,3.6,No,88.6,5.7,Fair,2,Bachelor,Average,5,Yes,71,9.31,Yes,5.4
S1182,22,Male,4.2,3.1,0.7,No,69.2,7.2,Good,3,Master,Poor,6,No,79.9,5.21,No,3.8
S1878,21,Male,3.5,1.3,1.8,Yes,60.6,4.8,Fair,2,Bachelor,Good,4,No,60,5.79,Yes,3.1
S1331,17,,,1.7,1.6,No,,7.7,,,High School,Average,7,,100,2.69,No,3.3
S1516,24,Male,5.3,2.9,1.9,No,100,5.2,Good,3,Bachelor,Poor,6,Yes,80.9,7.96,Yes,4.8
S1141,17,Male,5,1.3,0.8,No,95.4,5.4,Good,4,Bachelor,,7,No,96.2,9.11,Yes,2.1
S1821,20,Male,1.4,4,3.6,No,,7.1,Good,3,Master,Poor,5,No,35.4,-1.84,No,7.6
S1949,21,Female,4.4,0.3,2.1,No,100,5.5,Fair,3,,Good,6,No,84.5,7.83,Yes,2.4
S1541,18,Female,4.2,3.8,3.4,Yes,84.8,5.4,Good,2,High School,Good,4,No,67.4,1.39,Yes,7.2
S1900,21,Male,4.8,2.9,2.6,No,66,7.6,Poor,4,Master,Average,7,Yes,82.1,5.51,No,5.5
S1704,21,Female,5.5,3,1.4,No,92.9,5.2,Fair,1,High School,,4,Yes,76.3,7.98,Yes,4.4
S1316,19,Female,3.3,2.2,2.9,Yes,80.3,9.7,Good,,High School,Poor,9,No,76.1,3.28,No,5.1
S1415,17,Male,3.4,1.2,2.1,Yes,88.8,5.3,Fair,2,High School,Average,5,Yes,68.3,4.74,Yes,3.3
S1210,23,,,2.3,1.7,,83.8,6.6,,3,,Good,,No,66.3,4.61,No,4
S1520,24,Female,4.1,3.3,0.6,Yes,78.7,5.1,Good,1,Bachelor,Good,4,No,62.7,6.17,Yes,3.9
S1142,20,Male,3.2,2,2,No,88.3,4.9,Fair,1,Bachelor,Poor,4,Yes,65.4,3.24,Yes,4
S1002,21,Male,1.4,3.1,1.3,No,94.8,8,Poor,3,High School,Poor,6,No,34.3,1.64,No,4.4
S1362,17,Female,3.2,2.9,,No,,,Fair,,Master,,6,No,67.9,3.28,,2.9
S1004,19,Female,5,4.4,0.5,No,90.9,4.9,Fair,3,Master,,5,No,66.4,5.63,Yes,4.9
S1044,20,Female,3.6,1.4,0.8,No,73,5.3,Good,2.0 days/wk,High School,Poor,5,No,78.5,5.24,Yes,2.2
S1947,24,Female,,3.2,3.3,Yes,70,6.3,Good,2,High School,Good,,Yes,59.9,1.82,No,6.5
S1281,20,Female,,4.2,1.1,Yes,79.9,5.1,,,High School,,,No,83.3,2.4,Yes,5.3
S1677,24,Male,3.7,4.5,2.2,No,85.9,9.1,Good,5,High School,Good,9,No,73.8,2.51,No,6.7
S1202,23,Male,3.7,0.7,0,No,78.1,6.6,Fair,4,High School,Average,7,No,85.1,7.44,No,0.7
S1302,19,Female,3.2,3.1,2,No,86.8,5.6,Fair,4,High School,Poor,6,No,74.5,1.41,Yes,5.1
S1560,20,Female,4.3,4.8,2.9,Yes,83.7,7.7,Fair,4,High School,Good,7,No,79.8,3.24,No,7.7
S1365,23,Female,,,,Yes,81.9,4.8,Good,,High School,Poor,,No,76,3.91,Yes,0
S1358,17,Female,2,2.2,3.2,No,98.2,5.1,Good,2,High School,Average,4,No,56.3,3.13,Yes,5.4
S1547,20,Male,6.3,2.5,3.3,No,85.4,6.1,Fair,,High School,,7,No,95.6,9.65,No,5.8
S1809,,Female,,2.8,,No,88.7,5.4,,3,,Good,6,Yes,89.5,3.6,Yes,2.8
S1371,24,Male,,1.4,3.8,Yes,76.5,7.5,Good,3,Bachelor,Average,5,No,36,5.69,No,5.2
S1595,20,Male,5.6,2,0,No,77.5,7.1,Fair,3.0 days/wk,Bachelor,Average,7,No,100,7.38,No,2
S1892,17,Male,2.5,2.2,2.3,No,86.6,6.3,Fair,3,High School,Good,5,No,46.8,0.1,No,4.5
S1378,18,Male,1.7,1,1.7,No,78.4,7.8,Good,5,Bachelor,Good,8,No,63.6,0.71,No,2.7
S1231,20,Female,2.5,1.4,0.9,No,83.5,6.3,Good,3,Bachelor,Good,6,No,73.1,1.29,No,2.3
S1237,22,Female,,1.3,3.4,Yes,,4.9,Fair,,High School,Average,,,53.8,4.82,Yes,4.7
S1940,20,Other,4.1,1.7,0.1,Yes,68.8,7.2,Good,2,Master,Average,5,No,67.5,4.2,No,1.8
S1171,21,,5.3,2.4,0.1,,,5.5,,2,,Good,5,,85.8,8.76,Yes,2.5
S1273,24,Male,2.6,2.3,1.7,No,85.6,5.7,Fair,2,Bachelor,Good,4,Yes,45.5,2.97,Yes,4
S1679,18,Female,3.2,2.3,1.5,No,59.5,6.5,Good,4,,Good,6,No,64.2,4,No,3.8
S1552,21,Female,0.2,3.1,2.1,Yes,77.9,7,Good,3,Master,Good,5,Yes,31.5,-4.57,No,5.2
S1915,22,Female,3,4.7,1.9,No,80.3,5.6,Fair,3,High School,Average,5,No,61,3.06,Yes,6.6
S1194,23,Male,2.6,4,1.1,No,89.4,6.9,Good,3,High School,Good,6,No,66.6,2.41,No,5.1
S1716,19,Male,2.7,1.4,2.8,No,83.7,5.6,Good,3,High School,Average,5,Yes,63.5,3.35,Yes,4.2
S1102,18,Male,4.3,4,0.8,No,100,7.5,Fair,3.0 days/wk,High School,Average,6,No,60.8,5.41,No,4.8
S1770,,Female,1.7,3.5,,No,94.7,6,Good,,,Good,,No,53,-0.39,No,3.5
S1509,18,Female,4.3,3.3,2.2,No,82.8,5.4,Poor,2,High School,Average,4,No,64.6,4.97,Yes,5.5
S1209,21,Female,2.2,4,1.9,No,86.2,6.2,Poor,6,High School,Average,,Yes,47.1,0.97,No,5.9
S1928,22,Female,2.8,0.2,3.1,No,79.3,6.5,Good,4,High School,Average,7,No,65.6,4,No,3.3
S1666,22,Female,1.9,4,0.5,Yes,82.9,7.6,,3,High School,Average,6,Yes,50.4,0.44,No,4.5
S1162,24,Female,3.4,3,0.1,No,,6.8,Fair,4,Master,Average,7,No,83.8,5.27,No,3.1
S1619,19,Male,2.5,3.1,1.7,No,70.5,4.8,Good,2,High School,Good,4,No,45.1,1.91,Yes,4.8
S1491,21,Female,4,4.3,2.4,No,84.8,8.3,Good,4,High School,Good,7,No,53,2.62,No,6.7
S1767,24,Male,3.1,2.8,2.3,No,79,4.8,Poor,4,Bachelor,Average,5,No,63.7,3.29,Yes,5.1
S1569,23,Male,6.3,1.9,0,No,93.4,6.2,Fair,3,High School,Good,7,Yes,100,10.77,No,1.9
S1087,17,Male,2.3,0.9,1,No,69,6.2,Fair,3,Master,Average,5,Yes,47.2,3.38,No,1.9
S1831,21,Female,4.6,3.2,1.3,No,84.2,6.8,Poor,3,,Average,,Yes,77.6,4.92,No,4.5
S1603,22,Female,1.1,1.7,2.7,No,94.5,5.3,Fair,3,High School,Average,,No,35.8,-0.44,Yes,4.4
S1190,23,Male,1.7,3.8,1.2,No,82.3,7.9,Poor,3,Master,Good,6,No,55.4,0.55,No,5
S1178,17,Other,2.9,2.5,2.4,Yes,83.7,6.3,Poor,3,High School,Good,,No,65.2,2.01,No,4.9
S1392,24,Female,2.2,4.7,2.2,No,,8.2,Good,2,High School,Poor,5,No,45.2,0.96,No,6.9
S1988,18,Male,3.3,2.4,1.2,No,67.5,4.1,Fair,2,Bachelor,Average,4,Yes,72.5,4.06,Yes,3.6
S1558,24,Male,4.6,1.8,1.6,No,89.3,5.3,Fair,3,,Average,5,Yes,60.1,7.12,Yes,3.4
S1908,23,Female,5.6,2.8,0.5,Yes,92.2,9.4,Fair,5,Bachelor,Good,9,No,100,9.08,No,3.3
S1691,22,Female,6.2,3.5,2.3,No,,8.2,Fair,5,Bachelor,Good,9,No,100,8.59,No,5.8
S1511,18,Other,2.9,3.2,2.8,No,100,5.9,Fair,3,High School,Average,5,No,63,4.03,Yes,6
S1610,21,Female,3.6,2.3,2.9,No,100,4.6,Fair,3,Master,Good,,No,69.6,4.75,Yes,5.2
S1439,19,Female,2.4,1.9,1.5,No,92.4,7.8,Good,3,High School,Good,6,No,63.8,1.71,No,3.4
S1471,,Female,2.2,,1.1,No,,,,,,Poor,3,No,33.8,1.15,,1.1
S1398,24,Male,5.7,2.9,1.7,No,77.3,6.4,Good,3,Master,,6,Yes,69.1,9.54,No,4.6
S1581,17,Male,3.2,3.1,2.4,No,91.3,6.7,Fair,3,High School,Average,6,No,68.5,4.6,No,5.5
S1827,18,Female,4.3,2.6,1.2,No,71,8.5,Good,4,Bachelor,Average,8,No,87.5,6.79,No,3.8
S1696,23,Other,5.6,1.6,0.3,No,86.5,6,Fair,4,Master,Good,7,No,100,11.62,No,1.9
S1732,17,Male,2.8,3.4,0.9,No,67.7,7,,3,Master,Average,6,No,62.6,2.02,No,4.3
S1043,24,Female,4.3,0.9,3.2,No,62.8,7.1,Poor,3,Bachelor,Good,6,No,65.7,7.46,No,4.1
S1261,22,Male,5.1,3.9,1.7,Yes,81.6,5.9,Fair,3,High School,Poor,5,Yes,65.1,6.27,Yes,5.6
S1555,24,Male,3.4,0,1.6,No,95.2,5.4,,3,High School,Average,6,Yes,83.4,5.4,Yes,1.6
S1429,20,Male,3.6,2.4,1.4,No,70,8.6,Fair,2,Bachelor,Average,6,No,67.6,7.16,No,3.8
S1228,17,Male,3.5,3.6,2.7,No,92.9,8.4,Fair,3,High School,Average,7,Yes,72.6,0.65,No,6.3
S1005,24,Male,7.2,1.3,0,No,82.9,7.4,Fair,4,Master,Average,8,No,100,14.88,No,1.3
S1973,19,Male,,4.3,3.2,No,76,5.4,Good,,Master,Good,5,No,74.6,3.33,Yes,7.5
S1805,20,Female,3.6,2.2,2.2,No,75.1,6,Fair,3,Bachelor,Average,6,Yes,76.1,4.45,No,4.4
S1318,23,Male,2.2,0.9,3.1,No,76.8,6,Fair,3,High School,Poor,,No,64.1,1.62,No,4
S1866,21,,6.2,2.7,,,,3.7,Fair,,Bachelor,Good,5,Yes,87.9,11.83,Yes,2.7
S1312,20,Male,3.3,1.6,1.9,No,93.2,4.5,Good,3,Master,Average,5,No,70.1,3.78,Yes,3.5
S1075,18,Female,6,3.4,,Yes,92.3,,Fair,,Bachelor,,8,,99.9,9.21,,3.4
S1173,20,Female,5.7,2.1,2.4,,,5.6,Fair,3,,Good,,,83.8,9.08,Yes,4.5
S1884,,,,3.4,2.8,,85.3,8.9,Good,3,Master,Good,6,,40.9,4.02,No,6.2
S1051,22,Female,2.5,3.2,0.5,No,85.7,6.5,Poor,3,,Average,5,No,59.7,2.51,No,3.7
S1782,24,Female,3.9,3.3,1.1,Yes,90.6,8.6,Fair,4,High School,Good,7,No,56,3.36,No,4.4
S1905,18,,2.6,2.9,,,,5.8,Good,3,,Poor,5,Yes,53.9,3.39,Yes,2.9
S1220,19,Female,4.5,1.3,4.2,No,86.4,6.3,Fair,5,High School,Average,8,No,82.1,5.25,No,5.5
S1508,24,Male,4.8,3.2,1.6,No,92.6,7.4,Fair,4,Bachelor,Poor,7,Yes,76.6,4.34,No,4.8
S1574,23,Other,4.7,4.9,2.7,No,86.4,8.4,Poor,4,Bachelor,Average,8,No,89.6,4.14,No,7.6
S1387,23,Male,4,1.8,3.4,No,87.1,8.1,Good,5,Bachelor,Poor,9,Yes,82.9,4.86,No,5.2
S1093,22,Male,4.1,2.5,3,No,85.1,,Good,3,High School,Good,5,No,70.2,3.17,,5.5
S1148,17,Female,5.1,3.1,3.7,No,,6.4,Fair,4,Master,Good,7,No,85.2,6.92,No,6.8
S1482,21,Male,3.4,1.5,0.7,No,79.3,7.1,Fair,2,High School,Poor,5,No,67,3.84,No,2.2
S1838,20,Male,3.3,2.9,3.6,No,88.1,5.2,Fair,3,Bachelor,,5,Yes,60.3,2.41,Yes,6.5
S1249,19,Female,3.1,1.1,4.1,No,65.4,5.6,Good,3,High School,Good,5,Yes,58.4,3.16,Yes,5.2
S1340,19,Male,4.7,3.2,3.1,Yes,70.3,7.6,Fair,3,Bachelor,Good,7,No,80.3,6.48,No,6.3
S1618,23,Male,2.9,2.4,0,No,84.4,6.2,Good,3.0 days/wk,Bachelor,,6,Yes,61.4,2.71,No,2.4
S1200,23,Female,3.5,1.3,0.5,No,89.8,7.8,Fair,4,Bachelor,Good,7,No,81.9,5.55,No,1.8
S1091,20,Female,4.8,4.3,2.1,No,80.6,4.7,Fair,3,High School,Average,5,No,63.4,5.63,Yes,6.4
S1540,23,Female,4,3,3,No,83.2,7.7,Good,4,Bachelor,Average,7,Yes,74.7,5.95,No,6
S1442,17,Female,2.5,1.7,4.1,No,91.1,7.6,Poor,2,High School,Average,5,No,65,0.55,No,5.8
S1969,19,Female,4.6,2,3.6,Yes,81.1,6.8,Fair,2,Bachelor,Average,6,No,83,4.32,No,5.6
S1280,20,Female,,4.6,2,No,,6.5,Fair,3,Bachelor,Good,6,No,73.8,3.15,No,6.6
S1410,19,Female,4.7,2.5,1.5,No,82.3,6,Fair,,High School,Average,6,No,78,6.37,No,4
S1676,20,Female,1.8,4.8,3.2,No,95.4,5,Good,1,Bachelor,Good,3,No,37.4,-1.24,Yes,8
S1568,23,Male,4.1,1.6,0.5,No,80.2,7.8,Poor,3,High School,Poor,7,Yes,89.8,6.28,No,2.1
S1628,23,Male,4,2,2,No,85.3,6.5,Fair,3,Master,Good,6,Yes,70.7,6.81,No,4
S1912,21,Male,3.6,2.7,0.1,No,75.8,9.5,Poor,4,High School,Average,9,No,89.1,5.75,No,2.8
S1335,24,Male,6.5,3.5,3.9,No,100,7.4,,4,High School,Average,8,Yes,100,10.53,No,7.4
S1857,19,,,0,,Yes,86.4,,Poor,3,,,5,Yes,45,6.84,,0
S1609,24,Male,4.3,2.3,1.2,No,68.3,6.1,Poor,4,,Poor,7,No,77.4,6.27,No,3.5
S1909,22,Female,4.9,3.3,3,No,79.5,7,Fair,5,Bachelor,Average,8,No,71.8,6.41,No,6.3
S1506,24,Female,2,3.5,2.6,No,76.5,2.5,Good,2.0 days/wk,Master,Good,4,No,53.2,-0.09,Yes,6.1
S1886,17,Female,3.5,3.9,2.6,No,73.9,5.5,Fair,3.0 days/wk,High School,Good,5,Yes,65.6,1.18,Yes,6.5
S1747,23,Male,1.8,1.1,0.3,No,85.5,6.4,Good,2,High School,Average,4,No,49.8,2.3,No,1.4
S1092,18,Male,0.5,0.8,2.5,Yes,97.9,4.1,Poor,2,High School,Good,3,No,43.9,-1.15,Yes,3.3
S1730,19,Female,4.3,2.7,2.6,Yes,,5,Good,,Bachelor,Good,4,No,58.4,5.64,Yes,5.3
S1726,,,2.3,1.9,0,Yes,,7.5,,,Bachelor,Poor,7,Yes,77.4,2.01,No,1.9
S1848,23,Other,4.5,3.8,1.3,No,83.6,7.3,Fair,3,High School,Poor,6,No,74.6,6.21,No,5.1
S1897,20,Male,4.8,2.7,2.3,No,93.2,6.6,Good,,High School,Good,,Yes,70.8,8.66,No,5
S1575,22,Male,1.1,1.9,,,92.3,,Fair,,,Good,4,Yes,48.3,0.54,,1.9
S1573,18,Male,3,1.4,2,,83.6,,Fair,,,,6,,67.2,2.51,,3.4
S1278,17,Female,4.2,2,0.4,No,88.6,5.4,Fair,3,Master,Good,6,Yes,93.9,6.14,Yes,2.4
S1279,18,Female,4.6,0.6,2.1,No,90,4.5,Poor,3,High School,Good,5,No,85.9,10.13,Yes,2.7
S1337,19,Male,5.3,2.2,1.7,,,,Fair,3,,Good,,No,93.1,9.99,,3.9
S1227,22,Female,5.8,1.4,1.9,No,85.2,4.7,Good,2,Bachelor,Average,5,Yes,96.6,8.91,Yes,3.3
S1008,23,Female,4.4,2.2,1.7,No,100,7.1,Good,3,Bachelor,Good,,No,78.9,7.21,No,3.9
S1085,19,Male,1.7,2.6,2.6,No,77.6,7,Good,2,Bachelor,Good,5,No,53.5,1.38,No,5.2
S1792,21,Female,2.1,3.1,4.2,No,86.4,5.2,Fair,2,Bachelor,Poor,4,Yes,50.1,1.38,Yes,7.3
S1605,19,Male,2.2,3.5,1.8,No,100,3.3,Good,4,Bachelor,Good,5,No,67.6,0.98,Yes,5.3
S1719,20,Male,2.3,2.3,1.6,Yes,76.9,8.7,Fair,4,High School,Good,7,No,68.9,-0.68,No,3.9
S1826,19,Male,4.6,2.4,2.4,No,75.2,6.9,Poor,5,High School,Good,8,No,87.8,4.85,No,4.8
S1096,18,Female,,3.6,0.8,No,,7.1,Good,4,,,,No,87.9,3.02,No,4.4
S1341,20,Female,2.7,3.7,1.1,No,72.4,6.3,Fair,3,High School,Average,5,No,44.3,0.09,No,4.8
S1121,21,Male,3.3,1.7,1.8,No,85.2,7.7,Poor,3,High School,Good,6,No,60.5,4.94,No,3.5
S1156,23,Male,1.9,3.5,1.7,Yes,71.1,6.3,Fair,4,High School,Good,6,No,57.7,1.31,No,5.2
S1966,21,Other,1.7,0.2,0.8,No,83.5,7,Poor,2,High School,Good,5,Yes,56.4,2.87,No,1
S1906,18,Female,0,4.6,2,Yes,70.1,8.7,Fair,2,Bachelor,Average,5,No,43.4,-6.33,No,6.6
S1669,23,Male,3.5,2.1,2.3,No,87.2,4.5,Good,3,Bachelor,Good,5,No,69.9,3.97,Yes,4.4
S1470,21,Female,4.2,2.9,2.5,No,69.7,6.4,Fair,3,High School,Good,5,No,60.4,6.3,No,5.4
S1557,22,Male,3.8,3.6,4.3,No,100,7.3,Poor,3,,Poor,6,Yes,69.9,3.98,No,7.9
S1293,18,Female,7.4,1.6,1.2,No,94.6,5.7,Fair,4,Bachelor,Good,7,Yes,100,14.27,Yes,2.8
S1808,22,Male,3.2,0.3,4,Yes,67.3,5.3,Good,3,High School,Good,5,No,43.9,2.49,Yes,4.3
S1939,18,Female,4.7,3.2,1.9,No,75.2,5.4,Good,2,High School,,5,No,71,5.72,Yes,5.1
S1164,18,Male,3.6,2.5,3,No,95.3,5.8,Poor,4,High School,Average,6,Yes,63.1,4.1,Yes,5.5
S1734,18,Female,3.4,3.1,1.4,No,100,6.8,Poor,4,Bachelor,Good,7,No,75.2,1.9,No,4.5
S1282,22,Male,,0.9,2,,,6.2,,4,High School,,7,No,79.7,8.28,No,2.9
S1364,23,Male,2.9,3.6,1.2,No,82.9,6.2,Fair,3,High School,,5,No,45.9,1.43,No,4.8
S1310,24,Other,5.3,3.8,1.7,No,79,7.1,Good,3,Master,Average,7,No,96.3,7.79,No,5.5
S1510,17,Male,3.1,1.7,2.9,Yes,71.5,5.6,Good,3,Bachelor,Average,5,Yes,51.1,3.69,Yes,4.6
S1179,19,Female,3.8,1.7,3.8,No,90.2,5.3,Good,5,High School,Average,6,No,58.1,2.73,Yes,5.5
S1069,22,Male,6.8,3.7,1.8,No,72.3,7.5,Poor,4,Master,Average,8,No,100,10.58,No,5.5
S1920,21,Male,3.5,3.9,2.5,Yes,62.8,6.7,Good,4,High School,Good,7,No,74.5,3.1,No,6.4
S1937,21,Female,1.9,3.2,1.2,No,75.9,6,Good,3,Bachelor,Good,5,No,41.7,2.72,No,4.4
S1675,21,,4,2.1,1.4,,100,,,,Bachelor,Good,6,,82.2,7.35,,3.5
S1935,17,Male,3.4,4,0.7,Yes,87.1,7.3,Poor,3,Master,Good,6,No,62,3.13,No,4.7
S1058,19,Female,2.2,5,1,No,78.4,7.5,Poor,3,Master,Average,6,Yes,46.4,1.73,No,6
S1870,21,Other,4.7,0,2.7,Yes,62,,Good,3,High School,Good,5,No,67.5,10.72,,2.7
S1983,21,Male,3.9,1.8,2.1,No,74,,Poor,3,Master,Average,,No,64.4,7.85,,3.9
S1829,,Female,4.1,5.4,,No,,7,Poor,,High School,Good,6,,73.2,3.72,No,5.4
S1265,18,Female,0.6,3.1,3,No,79.9,5.2,Good,1,Bachelor,Good,2,No,18.4,-1.95,Yes,6.1
S1756,18,Male,2.3,2.3,1.7,No,88.3,6.2,Good,,Bachelor,,5,No,58.5,4.96,No,4
S1786,23,Male,4.1,2.6,2.4,No,77.3,6.9,Good,4,Bachelor,Average,7,No,85.3,5.26,No,5
S1380,24,Male,3.5,1.6,2.2,No,69.9,9.3,Good,3,Bachelor,Average,7,No,67.7,4.61,No,3.8
S1604,,Other,,2.8,2,No,100,6.8,Poor,,,Good,6,,72.8,5.03,No,4.8
S1863,18,Female,1.5,3.9,2.7,No,78.5,8,Good,4,High School,Poor,7,Yes,42.3,-1.01,No,6.6
S1753,18,Male,4.3,3.4,0.9,No,83.3,5.7,Fair,3,Master,Good,5,No,59.2,5.77,Yes,4.3
S1717,20,Female,3.2,1.7,2.1,Yes,96.3,6.9,Good,3,Master,Average,6,Yes,66.3,5.2,No,3.8
S1147,19,Female,3.5,2.3,2.2,No,74.3,6.7,Fair,2,Bachelor,Poor,6,Yes,78.1,4.08,No,4.5
S1251,17,Female,4.3,4.3,1.4,No,87.1,7.9,Fair,4,Master,Average,7,No,65.2,4.7,No,5.7
S1635,18,Male,2.4,1.5,1.4,No,79.7,4.9,Poor,1,Master,Poor,3,No,45.8,2.86,Yes,2.9
S1854,23,Female,4.7,1.8,1.7,No,68.7,6.4,Fair,4,High School,Average,7,No,70,7.43,No,3.5
S1212,21,Male,1.4,2.7,3.4,No,92.5,4.7,Poor,2,Bachelor,Average,3,Yes,29.7,-0.78,Yes,6.1
S1440,17,Male,3.2,0.2,0.9,No,100,6.9,Fair,4,,Good,7,No,76.1,5.63,No,1.1
S1864,20,Female,0,0.3,1.1,Yes,88,5.4,Fair,2,High School,Average,,Yes,53.3,-0.73,Yes,1.4
S1330,17,Male,2.7,2.5,1.4,No,95.9,6.6,Good,3,,Average,5,No,52.2,3.7,No,3.9
S1769,17,Male,6.4,3.7,,,64.1,5.1,,5,,,,No,98.8,9.96,Yes,3.7
S1276,17,Male,3.1,2.3,2.4,Yes,83.2,5.9,Fair,3,High School,Good,5,Yes,61.5,4.11,Yes,4.7
S1787,24,Male,3.5,0,2.3,No,79,3.5,Fair,3,Bachelor,Good,4,Yes,64.4,5.74,Yes,2.3
S1775,21,Male,1.2,4.3,2.2,No,74.6,8.2,Fair,1,Bachelor,Average,4,No,36.2,-1.93,No,6.5
S1656,23,Male,0.3,3.1,1.4,Yes,77.5,8.3,Good,3,Bachelor,Good,5,No,36.1,-1.52,No,4.5
S1681,21,Male,0.7,0.7,1,No,81.7,9.3,,3,High School,,6,No,51.5,1.4,No,1.7
S1448,23,Female,4,3.6,0.3,No,93.4,7,Good,3,High School,Good,7,Yes,91.9,6.68,No,3.9
S1992,18,Male,3.5,0,1.9,No,96.8,6.4,Fair,3,Bachelor,Poor,6,No,71.8,7.57,No,1.9
S1693,20,Female,4.9,2.8,0.6,No,88.7,7,Fair,,High School,Average,7,No,88.7,8.43,No,3.4
S1524,,Female,,2.9,2.5,,84.6,6,,2,Bachelor,Average,,Yes,39.9,4.52,No,5.4
S1303,22,Female,2.2,1,2.9,No,93.4,6.9,Good,3,High School,Good,6,No,63.7,1.77,No,3.9
S1487,20,Male,5,0.8,2,No,84.1,6.7,Fair,3,Bachelor,Average,6,Yes,94.6,9.29,No,2.8
S1725,21,Female,3.9,1.9,2.4,No,75.8,5.7,Good,3,Bachelor,Average,5,No,64,4.91,Yes,4.3
S1818,20,Male,2.3,3.2,2.4,No,,4.2,Fair,2,Bachelor,Poor,3,Yes,48.5,-0.8,Yes,5.6
S1019,19,Male,1.8,2.5,2.4,No,71.1,7.5,Fair,2.0 days/wk,High School,Average,5,No,45.3,0.09,No,4.9
S1324,22,Female,3.8,1.8,0.7,No,97.5,8.2,Fair,3,,Average,7,No,84.2,8.73,No,2.5
S1260,17,Male,4.3,3.8,,,95.3,,Fair,2,High School,,5,,70.9,6,,3.8
S1833,20,Other,4.6,2.2,2.6,No,68.8,5.7,,2.0 days/wk,Bachelor,Good,5,No,78.5,6.66,Yes,4.8
S1409,22,Male,2.7,2.2,2.8,No,100,6.6,Fair,3,High School,Average,,No,53,0.16,No,5
S1400,24,Male,3.5,1.3,2.1,No,79.9,7.3,Fair,2,Bachelor,Good,5,No,60.4,6.62,No,3.4
S1987,,Female,2.3,1.6,1.7,,,5.6,Fair,,,Average,5,No,56.2,2.46,Yes,3.3
S1054,23,Female,3.1,1.9,2.6,Yes,64,7.1,Fair,4,,Good,7,No,68.1,3.48,No,4.5
S1874,18,Male,5.1,2.6,0.9,No,96,7,Fair,4,,Average,7,No,96.6,10.41,No,3.5
S1150,19,Male,3.5,2.1,0.5,Yes,84.8,6.1,Good,3,Bachelor,Average,5,No,64.2,4.82,No,2.6
S1684,17,Male,3.7,2.8,3.6,No,81.8,3.6,Fair,1,Bachelor,Good,3,Yes,59.8,5.33,Yes,6.4
S1972,17,Female,4.5,0.4,3,No,100,5.5,Fair,4,High School,Good,7,No,91.9,6.95,Yes,3.4
S1692,21,Male,1.7,1.2,3.2,No,76.9,,Good,1,High School,Average,3,Yes,37.4,2.93,,4.4
S1106,22,Male,3.3,0.4,0.8,No,83.3,9.1,Good,5,High School,Good,9,Yes,82.3,6.73,No,1.2
S1712,17,Male,3,0,0.6,Yes,99.5,7.8,Fair,4,Bachelor,Average,8,No,98.7,7.66,No,0.6
S1024,20,Female,2,0,0.9,Yes,81.8,5.5,Fair,2,Bachelor,Average,4,No,54.9,3.09,Yes,0.9
S1901,20,Male,,2.1,2.1,No,99.4,4.4,Fair,2,High School,Good,4,Yes,71.4,4.31,Yes,4.2
S1533,17,Male,1.5,2.3,3,No,86.2,5.7,Fair,2,,Good,4,No,54.2,0.97,Yes,5.3
S1989,24,Male,1,1.4,2.1,Yes,76.4,4.9,Fair,2,High School,Average,4,No,47.6,-0.55,Yes,3.5
S1082,21,Female,2.6,4.9,0,Yes,86.6,6.3,Fair,,High School,Poor,6,No,60.2,1.56,No,4.9
S1828,23,Female,2.5,1.1,3.9,No,86.1,4,Fair,2,Bachelor,Good,3,No,58.2,-0.2,Yes,5
S1847,,Male,2.3,0.6,1.1,No,100,6.2,Fair,,Bachelor,,,,73.5,4,No,1.7
S1613,,,3.8,0.6,1,No,,7.2,Fair,3,Bachelor,,,No,85.7,7.28,No,1.6
S1379,17,Male,0,2.6,1.6,No,82.4,7.4,Good,2,High School,Average,4,No,32.9,-4.05,No,4.2
S1076,20,Male,,2.5,2.9,No,85.1,6.7,Poor,4,Bachelor,Average,7,Yes,100,1.99,No,5.4
S1388,17,Male,4.6,3.7,0.6,No,,5.9,Good,4,High School,Average,6,Yes,73.2,6.8,Yes,4.3
S1406,22,Female,3.6,1.3,2.1,No,68,6.3,Poor,3,Bachelor,Good,6,Yes,82.4,4.48,No,3.4
S1291,19,Female,6.1,1.5,0.4,No,,7,Poor,3,Bachelor,Average,7,No,100,13.16,No,1.9
S1110,24,Male,5.1,2.9,1.6,No,64.3,6.5,Fair,2,Bachelor,Average,5,Yes,86.5,7.2,No,4.5
S1624,21,Female,3.6,1.9,2.3,No,74.5,6.1,Good,4,Bachelor,Average,7,Yes,83.2,4.9,No,4.2
S1780,17,Female,4,3.7,2.2,No,89.5,7.8,Poor,4,,Average,8,Yes,89.4,3.96,No,5.9
S1839,21,Male,2.4,2.3,2.2,No,72,7.5,Good,3,Master,Average,6,No,63.9,0.06,No,4.5
S1246,17,Male,1.4,0.9,2.6,,,,Poor,2,,,5,No,51,1.44,,3.5
S1145,23,Female,2.2,6.2,3,No,86.4,6.9,Good,3,High School,Good,5,No,46.7,-1.62,No,9.2
S1128,20,Male,1.8,1.8,1.1,No,92.4,6.7,Good,3,High School,Good,5,No,48.7,0.86,No,2.9
S1837,21,Female,2.2,1,1.4,No,76.6,5.1,Poor,2.0 days/wk,High School,Poor,4,No,62.6,0.25,Yes,2.4
S1622,,,1.2,14.2,,No,84.7,7.3,Fair,,Bachelor,Average,,Yes,35.6,-7.37,No,14.2
S1959,23,Female,3.2,4.5,0.7,No,95.1,5.9,Fair,3,Master,Good,5,No,45.7,3.02,Yes,5.2
S1931,20,Female,4,3.4,3.4,Yes,78,5.5,Poor,4,Bachelor,Average,6,Yes,68.8,3.71,Yes,6.8
S1486,19,Female,3.2,2.1,2.1,No,94.3,8.1,Fair,3,High School,Good,6,No,69.4,4.49,No,4.2
S1894,20,Male,1.5,4.6,0.7,Yes,82.6,7,Good,4,Bachelor,Good,6,Yes,45.4,-1.95,No,5.3
S1090,24,Male,4,2.3,2.5,No,74.7,,Fair,,Bachelor,Good,7,No,77.8,4.75,,4.8
S1205,21,Other,3.3,4.3,3.9,No,90.4,6.4,,2,High School,Good,5,No,56.4,0.13,No,8.2
S1963,23,Female,3.1,2.1,2,No,95.9,4.7,Poor,3,High School,Good,4,No,53.3,6.22,Yes,4.1
S1170,24,Male,5.8,2.1,2.8,No,74.7,9.3,Fair,3,Bachelor,Good,8,No,96.6,11.91,No,4.9
S1904,19,Female,3.9,0.7,0.7,Yes,,5.7,Poor,3,,Poor,6,Yes,73,5.79,Yes,1.4
S1056,24,Male,2.5,2,0,No,83.9,,Good,2,Bachelor,Average,4,No,66.7,2.47,,2
S1404,,Male,4.6,1.4,,Yes,,,Good,3,,Average,6,Yes,85.6,9.17,,1.4
S1241,23,Male,4.3,2.7,2.4,Yes,66.5,5,Fair,2,Bachelor,Poor,4,No,60.6,2.72,Yes,5.1
S1599,22,Male,5.5,3.2,1.8,No,100,7.5,Fair,,High School,Poor,7,No,77.3,6.67,No,5
S1346,19,Male,,6,2.2,Yes,95.3,7.6,Poor,2,High School,Good,6,Yes,73.7,3.87,No,8.2
S1097,20,Male,4.1,2,1,No,90.4,5.4,,3,Bachelor,Average,,No,80.9,7.67,Yes,3
S1116,17,Male,7,3.3,3.1,No,88.4,6.1,Good,4,High School,Average,7,Yes,94.8,8.99,No,6.4
S1201,24,Male,4.4,0.9,0,No,92.3,5.8,Fair,4,High School,Good,7,No,96.5,9.79,Yes,0.9
S1873,17,Female,4.3,1.3,0,No,82.7,4.9,Fair,2,High School,Good,5,No,84.9,7.65,Yes,1.3
S1479,20,Female,1.9,3,2.3,No,91.4,5.7,Good,3,Bachelor,Good,5,No,43.3,1.37,Yes,5.3
S1323,18,Male,2.9,1.6,1.7,No,100,6.1,Good,5,Bachelor,Good,7,No,70.2,2.03,No,3.3
S1193,23,Male,4.6,0.9,1.9,No,86,4.8,Good,2,Master,,5,No,81.3,9.71,Yes,2.8
S1443,24,Female,2.3,1.1,1.8,Yes,79.4,6.6,Fair,3,Master,Good,6,No,66.8,3.5,No,2.9
S1801,22,Female,3.9,1.8,3.9,No,99.1,6.9,Fair,3,Master,Good,6,No,65.5,5.71,No,5.7
S1454,21,Male,3.2,3.2,2.6,Yes,78,4.2,Fair,2,,Poor,3,No,46.7,2.93,Yes,5.8
S1528,18,Male,3.9,3.4,3.2,No,65.3,5.1,Fair,3,High School,Average,5,Yes,77,3.92,Yes,6.6
S1791,24,Male,5.4,3.4,0.9,No,82.7,6.2,Fair,,Bachelor,Good,7,No,92.3,7.77,No,4.3
S1550,17,Female,5.2,1.5,0.2,Yes,86.3,6.2,Good,4,High School,Average,7,No,97.9,8.86,No,1.7
S1804,22,Female,4.3,4,1.1,Yes,88.4,4.4,Good,2,High School,,4,Yes,59,2.56,Yes,5.1
S1995,21,Female,2.6,0.5,1.6,No,77,7.5,Fair,3,High School,Good,7,Yes,76.1,2.2,No,2.1
S1977,24,Female,5.8,1.3,2.2,Yes,89.1,7.9,Good,,High School,Average,7,Yes,99,9.4,No,3.5
S1296,22,Female,4.6,1.8,3,No,,6.3,Fair,4,High School,Average,7,No,86.2,7.09,No,4.8
S1879,21,Female,0.8,2.3,1,No,91.8,6.7,Fair,3,High School,Poor,5,No,44.3,0.14,No,3.3
S1601,24,Other,4.6,1.5,1.8,No,81.5,7.3,Fair,3,High School,Good,6,Yes,80.2,6.67,No,3.3
S1810,19,Male,4.4,0.2,1.4,No,81.2,5.4,Good,3,High School,Average,6,No,80.7,9.54,Yes,1.6
S1395,20,Male,4.1,3.1,1.8,No,82.5,4.9,,2,High School,Good,5,No,77.8,5.2,Yes,4.9
S1426,17,Male,3.8,0.9,1,No,85.6,5.9,Good,2,Bachelor,Good,5,No,80.9,6.33,Yes,1.9
S1806,24,Female,3.2,2.9,2.1,No,85.2,4.6,Good,2,Bachelor,Good,3,Yes,40.3,2.27,Yes,5
S1559,22,Female,2.8,2.6,1.7,No,72.2,7,Fair,3,High School,Good,6,No,70.3,3.76,No,4.3
S1525,23,Male,5.3,2.9,0.9,No,91.6,5,Good,1,High School,Poor,4,No,84.1,5.8,Yes,3.8
S1953,20,Female,2,1,0.1,No,81.5,6.4,Fair,4,High School,Average,6,No,61.7,3.91,No,1.1
S1014,24,Male,2.4,1.5,0.7,No,87.4,6.7,Poor,2,Bachelor,Average,5,No,78.9,4.45,No,2.2
S1252,20,Female,4.2,1.2,4,No,75.8,6.5,Fair,5,High School,Good,8,No,85.3,7.06,No,5.2
S1238,19,Male,5.3,2.7,4.3,No,90.5,6.9,Fair,3,Bachelor,Poor,6,Yes,74.2,7.13,No,7
S1120,24,Male,3.7,0.4,0.9,No,92.1,6.6,Fair,4,Bachelor,Average,7,No,87.9,7.17,No,1.3
S1285,19,Female,2.5,2.8,0.5,Yes,85.1,6.5,Poor,1,High School,,4,Yes,60.6,2.44,No,3.3
S1554,17,Other,2.7,2.9,2.9,No,80.9,6.6,Fair,3,High School,Poor,5,No,53.4,0.96,No,5.8
S1196,18,Male,2.7,2.1,1.9,No,88.9,8.7,,3,High School,Poor,7,No,64.5,2.51,No,4
S1345,23,Male,2.8,1.5,0.3,No,,6.7,Fair,3,Bachelor,Poor,6,No,71.6,2.29,No,1.8
S1545,24,Female,3.1,3.8,2.1,No,89.5,4.1,Fair,1,Master,Average,3,Yes,54.1,3.16,Yes,5.9
S1250,22,Male,5.5,3.5,1.1,Yes,81.3,7,Good,3,High School,Average,7,No,100,8.52,No,4.6
S1991,20,Male,6,2.1,3,No,86.7,5.1,Good,1,High School,Good,4,No,85.3,9.42,Yes,5.1
S1645,21,Female,1.1,0.4,2.4,Yes,95.2,6.8,Good,3,High School,Average,5,Yes,46.3,1.61,No,2.8
S1815,21,Female,2.9,2.6,2,No,72.7,5.6,Poor,1,Master,Good,3,No,43.5,2.79,Yes,4.6
S1412,22,Female,3.9,2.1,2.2,No,65,5.1,Good,1,High School,Average,4,No,73.7,4.58,Yes,4.3
S1485,22,Female,4.1,1.6,0.6,No,73.1,,,,,Good,,No,77.5,7.98,,2.2
S1430,17,Male,1.9,4,3,No,98.6,2.8,Poor,1,Bachelor,Average,3,Yes,35.7,-0.17,Yes,7
S1890,23,Male,4.7,0.9,1,Yes,83.9,4.7,Fair,,,Average,6,No,84.5,8.58,Yes,1.9
S1754,18,Female,0.8,3.3,0.2,No,85.7,7.1,Good,2,Bachelor,Poor,5,No,51.8,-3.48,No,3.5
S1290,17,Male,4,1.4,1.3,No,80.7,4.8,Fair,,High School,Poor,5,No,75.9,6.6,Yes,2.7
S1016,20,Male,1,0.6,0.2,No,92.9,5.6,Poor,2,High School,Poor,4,Yes,55.2,1.13,Yes,0.8
S1158,17,Female,2.6,1.8,3,No,83.8,6.6,Fair,2,Bachelor,Good,5,Yes,62.3,2.59,No,4.8
S1243,,,4.6,,1.7,No,,7.6,Fair,4,Bachelor,,,No,87.3,8.54,No,1.7
S1066,20,Male,3.6,4.2,0.9,No,67,,Good,3,Bachelor,Average,5,No,66.5,3.08,,5.1
S1910,19,Male,4.9,1,2.4,No,100,6.6,Fair,3,High School,Average,7,No,89.2,7.39,No,3.4
S1359,19,Male,6.3,1.5,0,No,83.3,7.3,Good,3,Bachelor,Good,7,Yes,100,10.31,No,1.5
S1938,22,Male,,2.3,1.7,No,97.7,4.9,Fair,2,,,,No,28,5.89,Yes,4
S1631,20,Female,3.7,1.8,1.3,No,91.9,6.3,Fair,4,Master,Good,7,No,80.9,7.14,No,3.1
S1504,23,Female,5.4,3.1,3.1,No,79,4.2,Fair,2,Bachelor,Good,4,No,77.9,5.62,Yes,6.2
S1472,,Female,2.5,,1.5,No,82.9,,Poor,1,,Average,4,,56.1,1.74,,1.5
S1993,20,Male,3.8,2.1,1,No,89,5.2,Good,2,High School,Good,,No,70.9,6.61,Yes,3.1
S1577,22,Female,1.9,2.9,1.6,Yes,87.6,6.1,Fair,3,Bachelor,Good,5,Yes,44.4,0.1,No,4.5
S1965,17,Male,4.3,3.4,0.6,No,59.8,6.6,Fair,4,Master,Average,7,Yes,77.3,4.73,No,4
S1521,23,Male,,2.1,1.4,No,82.2,7.7,Fair,4,High School,,7,No,64.2,4.62,No,3.5
S1860,20,Female,3.6,3.9,4.2,No,100,8.3,Poor,4,High School,Poor,,Yes,65.6,1.4,No,8.1
S1530,,,4.4,1.3,2.4,No,,5.5,Good,3,,Good,6,,80.9,7.63,Yes,3.7
S1408,20,Male,1.2,3.5,2,No,81.7,6.5,Poor,2,Bachelor,Good,4,No,34.3,-1.7,No,5.5
S1665,21,Female,4.2,4.5,3.1,No,84,6.6,Good,3,High School,Average,6,No,75.3,2.25,No,7.6
S1858,18,Male,4.5,2,1.2,Yes,82.2,6.3,Fair,3,High School,Good,6,Yes,84.4,7.6,No,3.2
S1432,21,Other,4.2,2.4,4.3,No,80.1,5.5,Fair,3,Master,Good,5,No,70.7,4.12,Yes,6.7
S1431,22,Female,,,2.5,,82,3.7,Poor,0,,,1,No,29.9,4.12,Yes,2.5
S1484,21,Female,1.9,1.2,0.9,No,85.3,5.1,Fair,2,Bachelor,Good,4,Yes,56.9,1,Yes,2.1
S1151,19,Female,4.7,4.7,2.3,No,90.1,4.6,Good,3,High School,Good,5,No,69.7,4.84,Yes,7
S1327,23,Male,0.9,2.4,2.5,No,89.2,6.9,Fair,3,High School,Poor,4,No,23.1,-1.73,No,4.9
S1256,23,Female,3.6,3.2,2.7,No,90.6,5.7,Good,4,Bachelor,Good,6,No,64.5,3.78,Yes,5.9
S1311,23,Female,16,5.3,1.7,Yes,69.4,7.3,Good,4.0 days/wk,Bachelor,Average,7,No,67,28.86,No,7
S1952,21,Female,3.6,2.1,3.5,Yes,62.3,5.7,Poor,2,High School,Average,4,No,65.6,4.25,Yes,5.6
S1304,18,Male,2.6,3.5,2,No,84,6.2,Good,2,Bachelor,Average,4,No,39.6,0.68,No,5.5
S1413,17,Male,1.5,2.4,2,Yes,85.3,5.6,Poor,4,,Average,6,No,60.3,0.28,Yes,4.4
S1133,21,,4.8,1.5,2.2,,87.9,5.9,Fair,,,,,Yes,78.4,7.88,Yes,3.7
S1031,17,Other,1.5,3.1,2.6,Yes,96.2,8,Fair,5,Bachelor,Average,7,Yes,51.3,0.74,No,5.7
S1765,19,Male,2.1,2.8,1.4,Yes,82.8,6.3,Poor,2,Master,Average,4,No,44.1,1.06,No,4.2
S1458,19,Male,2.9,3,3.1,No,70.9,5.4,Good,2,,Good,4,No,59,2.51,Yes,6.1
S1161,17,Other,4.3,3.4,0.8,No,73.8,6.6,Good,4,High School,Average,7,No,76.8,7.34,No,4.2
S1339,20,Female,4.4,2.9,1.4,No,92.8,6.6,Fair,,Master,Good,6,Yes,77.9,5.59,No,4.3
S1286,,Female,2.7,,,No,,6.4,Fair,3,Master,Average,5,,46.6,1.81,No,0
S1248,17,Female,3,3.5,1.6,No,95.4,6.4,Fair,4,High School,Good,6,No,54.1,2,No,5.1
S1925,19,Other,1.7,2.9,1.6,Yes,97.3,8.7,Good,2,High School,Good,6,No,53.6,0.78,No,4.5
S1579,18,Female,6.1,3.5,0.3,Yes,69.8,5.7,Good,4,High School,Average,7,Yes,100,11.8,Yes,3.8
S1822,22,Female,2.6,3.4,5.3,No,79.8,9,Poor,5,Bachelor,Good,,No,49.1,-0.6,No,8.7
S1951,20,Female,3.3,2.2,0.9,No,76.7,8.7,Good,5,Bachelor,Poor,9,No,94,6.85,No,3.1
S1001,20,Female,6.9,2.8,2.3,No,97.3,4.6,Good,3,High School,Average,6,No,100,10.55,Yes,5.1
S1736,20,Female,3.1,0,3.3,No,78.6,6.9,Fair,3,Bachelor,Average,6,No,72.8,4.61,No,3.3
S1207,20,Female,2.1,0.5,2,No,80.9,7.3,Poor,3,Bachelor,Good,6,Yes,62.3,4.2,No,2.5
S1629,23,Male,5.5,2.7,3.2,Yes,91.9,7.3,Fair,5,High School,Good,8,No,82.6,10.23,No,5.9
S1918,20,Male,3.3,2.8,1.4,Yes,71.2,6.5,,3,Bachelor,Average,6,No,71.9,4.93,No,4.2
S1836,19,Male,3.5,2.8,0,No,92,3.8,Fair,3,High School,Poor,4,Yes,58.7,8.49,Yes,2.8
S1845,21,Male,3.8,0.9,2.5,No,78.2,6.5,Poor,4,High School,Average,7,Yes,78.1,5.3,No,3.4
S1264,19,Male,1.9,0.7,0,No,81.7,,Good,2,Master,Poor,4,No,51.5,2.42,,0.7
S1274,17,Female,3.2,2.8,4.3,No,86.1,7.7,Fair,3,High School,Average,6,Yes,58.6,2.86,No,7.1
S1070,18,Female,2.7,1.7,1.3,No,95.5,,,3,Bachelor,Good,5,Yes,59.7,3.71,,3
S1640,22,Female,6.4,2.7,0.3,Yes,78.3,5.8,Good,3,High School,Average,6,No,98,10.72,Yes,3
S1444,20,Male,2.8,1.8,2.7,No,79.1,,Poor,2,Master,Average,6,Yes,64.9,2.66,,4.5
S1832,19,Male,5.3,2.6,0,Yes,87.1,8.5,Fair,3,High School,Average,8,Yes,98.4,9.86,No,2.6
S1098,22,Male,2.4,0,3.1,No,92.2,4.8,Good,2,Bachelor,Good,4,Yes,63.9,2.48,Yes,3.1
S1851,18,Female,2.4,4.1,0.3,No,100,5.1,Poor,2,Bachelor,Good,4,No,67.4,-1,Yes,4.4
S1021,21,Male,17.4,2.1,2.4,No,95.6,7.2,Fair,3,High School,Good,7,No,82.5,32.83,No,4.5
S1705,21,Female,1,2.1,1,No,79.4,8.7,Fair,4,,Average,7,Yes,52.6,0.21,No,3.1
S1414,19,Female,4.2,5.6,0.4,No,91.1,9.8,Poor,5,Bachelor,Poor,9,Yes,78.7,3.86,No,6
S1517,22,Female,5.8,0.6,1.6,No,73.9,5.8,Fair,3,,Good,6,No,100,10.2,Yes,2.2
S1149,24,Female,4.2,3.6,1.8,Yes,100,6.1,Fair,3,High School,,6,No,75.4,3.59,No,5.4
S1647,17,Female,4.3,1.5,0,No,88.9,4.6,Poor,3,High School,Average,5,No,84.2,7.44,Yes,1.5
S1354,,Male,,,,No,,6.2,Good,,High School,Good,5,No,47.6,2.65,No,0
S1936,22,Male,4.5,3.8,2.5,No,88.6,4.9,Good,2,Bachelor,Average,4,Yes,66.1,6.59,Yes,6.3
S1052,19,,2.4,,3.6,No,,7,Fair,2,,,5,No,48.4,0.39,No,3.6
S1198,21,Male,,0.4,2.3,Yes,69.2,5.5,Good,2,High School,Good,4,Yes,42.2,6.64,Yes,2.7
S1122,18,Male,4.6,3.9,0,No,83.6,9.7,Poor,5,High School,Good,,No,84.8,6.91,No,3.9
S1203,17,Male,2,3.8,0.3,No,78.4,7.6,Fair,4,Master,Poor,7,No,58.5,2.45,No,4.1
S1067,17,Male,3.3,1.8,3.2,No,81.7,5.8,Poor,4,Master,Good,6,No,62.2,3.92,Yes,5
S1223,20,Female,2.6,2.4,2.9,No,73.7,4.6,,1,Master,Average,2,No,41.9,1.43,Yes,5.3
S1127,,Female,15.2,2.2,,,71.6,,Good,3,Bachelor,Good,6,No,88,27.31,,2.2
S1655,21,Female,2.2,3.5,0,No,82.5,5.1,Poor,2.0 days/wk,Bachelor,Average,4,No,57.6,1.32,Yes,3.5
S1139,17,Male,,0.7,3.1,No,86,5.6,Good,2,High School,Poor,5,No,83.5,4.73,Yes,3.8
S1417,18,,5.2,3.7,1.1,No,96.6,7.4,Fair,,,Average,,,100,5.86,No,4.8
S1218,24,Male,2.6,2,2.4,No,76.3,7.4,Fair,2,Bachelor,Good,5,No,48.5,5.72,No,4.4
S1546,21,Male,4.5,2.7,1.2,Yes,85.8,5.4,Good,3,Master,Good,5,Yes,62.9,7.57,Yes,3.9
S1157,18,Male,3,1.8,0.7,No,100,5.5,Poor,3,,Poor,5,No,56.7,3.79,Yes,2.5
S1094,22,Female,5.3,1,2.2,No,72.6,4.5,,3,High School,Average,5,No,81.3,10.33,Yes,3.2
S1255,19,Female,4.9,2.8,1.6,No,84.6,5.2,Good,2,High School,Average,5,No,85,8.73,Yes,4.4
S1971,23,Female,3.5,2.5,1.8,No,56,6.1,,2,High School,Average,5,No,64.5,3.37,No,4.3
S1643,17,Female,1.2,1.3,2,No,85.2,4.3,Fair,1,High School,Good,3,No,49.4,0.86,Yes,3.3
S1738,21,Other,4.3,2.2,2.3,No,71.8,,Fair,5,High School,Good,8,Yes,76,5.48,,4.5
S1039,19,Male,5.5,3.1,2.3,No,71.3,5.7,Good,3,High School,Average,,No,82.3,9.08,Yes,5.4
S1130,20,Female,4.1,4.6,3.4,No,85.3,5.5,Poor,2,Bachelor,Good,,No,81.6,5.14,Yes,8
S1990,18,Male,3.2,3.5,1.7,No,,6.5,Good,3,Master,Good,6,No,63.6,4.56,No,5.2
S1189,22,Male,3.2,2,1.6,No,78.2,5.6,Fair,1,High School,Average,4,Yes,60.5,4.49,Yes,3.6
S1945,23,Male,6,2.9,2.1,Yes,98.9,6.4,Poor,3,High School,Average,7,No,100,8.42,No,5
S1589,21,Male,5,2.3,0.2,No,78.9,6.8,Poor,3,Bachelor,Good,6,No,75.4,6.61,No,2.5
S1402,19,Male,0,1.4,0,No,81.5,6.7,Good,3,High School,Good,5,Yes,50.1,-0.63,No,1.4
S1760,20,Male,0.5,1.6,3.8,Yes,81,7.7,Good,2,High School,Average,4,Yes,30.2,-0.59,No,5.4
S1038,17,Male,3.8,1.7,1.4,No,70.3,7,,2,Bachelor,Good,5,No,58.1,8.15,No,3.1
S1242,20,Female,5.3,1.8,2,No,83.8,8.4,Good,4,Bachelor,Good,8,No,91.5,8.42,No,3.8
S1353,24,Female,0.7,2.2,0,No,94.1,6.1,Fair,3,High School,Good,5,No,48.7,-0.49,No,2.2
S1620,20,Female,1.4,3.5,1.6,No,85.8,6.4,Fair,,High School,Average,4,No,39.8,-1.23,No,5.1
S1650,23,Female,2.8,2.4,0.7,No,78.6,8.2,Fair,5,Bachelor,Good,8,No,61.5,3.41,No,3.1
S1534,19,Male,3.7,2.9,2.8,No,100,6.5,Good,3,,Average,6,No,82.5,5.74,No,5.7
S1503,24,Female,2.6,1.4,2.1,Yes,84.4,7.1,Fair,3,High School,Average,6,No,63,4.5,No,3.5
S1159,20,Female,3.2,1.2,4.4,No,81.5,7.4,Good,4,,Average,7,No,77.9,2.75,No,5.6
S1394,19,Female,3.2,1.5,0,No,79.6,8.1,Good,5,Bachelor,Good,9,No,92,5.83,No,1.5
S1537,23,Female,2.5,0.9,2.2,Yes,,3.6,Good,2,Bachelor,Average,3,No,58.9,3.27,Yes,3.1
S1695,20,Female,2.5,1.9,1.6,No,93.6,7,Good,3,Bachelor,Good,6,No,68.5,1.46,No,3.5
S1240,18,Male,1.9,1.6,2.3,No,72,6.3,Fair,,Master,Poor,4,No,51.2,0.6,No,3.9
S1013,19,Female,3.4,2.7,2.7,No,,4.7,Fair,1,Bachelor,Good,4,No,75.8,3.48,Yes,5.4
S1657,19,,,,1.7,No,,5.8,Fair,3.0 days/wk,Bachelor,,5,Yes,67.4,4.68,Yes,1.7
S1475,24,Male,2.9,3.8,2.1,No,79.8,6.4,Good,,Bachelor,Good,5,Yes,52.1,1.94,No,5.9
S1898,23,Female,3.9,1.1,2.9,No,86.8,7,Fair,4,Master,Average,7,No,75.7,4.78,No,4
S1869,22,Male,2.8,2.5,2.7,Yes,86.4,6.3,Fair,,Master,Average,7,No,74.6,1.52,No,5.2
S1314,19,Female,2.3,2.9,1,No,75.3,,Good,3,Bachelor,Good,5,Yes,48.9,1.22,,3.9
S1361,17,Male,4.4,6.1,0,No,92.6,,Poor,4,Bachelor,Average,7,Yes,84.9,3.57,,6.1
S1590,17,Female,0,4.6,1.2,No,96.2,6.1,Poor,2,Bachelor,Average,4,No,42,-5.88,No,5.8
S1320,24,Female,4.6,1.8,1.5,No,80.9,8.2,Fair,4,High School,Poor,8,Yes,94.2,7.9,No,3.3
S1907,19,Female,3.3,2.5,2.1,No,63.8,5.5,Fair,3,High School,Average,5,No,55.4,3.67,Yes,4.6
S1997,20,Male,3,2.6,1.3,No,61.9,6.5,Good,3,Bachelor,Good,6,Yes,64.4,3.06,No,3.9
S1672,22,Female,4.9,4.4,2.9,No,94,5.6,Fair,3,Bachelor,Good,5,No,69.4,6.05,Yes,7.3
S1564,20,Male,2.1,4.9,1.1,No,92,8,Good,4,High School,Average,,No,61.5,-0.88,No,6
S1355,23,Male,3.3,2.9,2.3,Yes,89.6,8.3,Good,3,High School,Average,,No,81.1,3.04,No,5.2
S1034,22,Female,1.1,2.7,0.1,No,100,7.7,Fair,4,,Good,6,No,51.2,-1.01,No,2.8
S1334,22,Female,5.8,1,2.4,No,97.9,6.1,Fair,4,High School,Average,8,No,100,10.51,No,3.4
S1688,23,Male,5,1.8,1.6,No,100,5.7,,4,High School,Poor,7,No,92.9,8.35,Yes,3.4
S1376,20,Female,4.3,3.7,2.5,No,76.9,5,Poor,3,High School,Good,5,No,65.7,6.29,Yes,6.2
S1184,17,Female,4.9,0,0.7,No,71.2,6.4,Fair,3,Master,Poor,7,No,96.2,9.88,No,0.7
S1823,23,Male,4.8,2.8,0.6,No,93.5,6.7,Fair,3,High School,Good,6,No,85.4,6.8,No,3.4
S1423,,Female,,4,0.5,,,4.7,Good,3,High School,,4,No,53.2,3.04,Yes,4.5
S1325,22,Female,4.9,3.5,1.2,No,77.2,7.4,Good,2,High School,Good,6,No,75.4,7.34,No,4.7
S1187,23,Male,4.9,1.5,3.5,No,84.3,6.8,Fair,3,Bachelor,Average,6,No,73.8,8.14,No,5
S1284,18,Male,4.1,1.9,2.6,No,100,7.9,Fair,5,Bachelor,Good,9,No,91.9,6.6,No,4.5
S1391,19,Female,3.2,0.2,0.1,Yes,87.2,7.2,Good,4.0 days/wk,,Average,7,No,72.6,5.07,No,0.3
S1958,18,Male,0,3.8,1.3,Yes,89.5,5.7,Good,3,High School,Average,4,No,31.1,-2.38,Yes,5.1
S1165,17,Male,0.5,3.3,2.3,No,90,6.8,Fair,3,High School,Good,5,No,39,-1.77,No,5.6
S1347,,Other,,4,,No,,7.7,Fair,,,Average,6,No,77,3.92,No,4
S1298,21,Female,5.4,3.1,1.8,No,88.1,6.2,Poor,4,High School,Average,,Yes,91.3,7.48,No,4.9
S1535,22,Female,6.4,4.2,1.5,Yes,88.8,6.1,Fair,3,High School,,6,No,85,7.88,No,5.7
S1229,21,Male,2.4,3.7,2,No,94.7,5.8,Good,3.0 days/wk,High School,Good,5,Yes,52.4,2.39,Yes,5.7
S1859,,Female,,3.2,,No,,8.2,Good,3,,Good,6,,36.8,4.7,No,3.2
S1827,18,Female,4.3,2.6,1.2,No,71,8.5,Good,4,Bachelor,Average,8,No,87.5,6.79,No,3.8
S1694,18,Male,5,4,1.4,No,77.6,4.6,Fair,3,High School,Poor,,No,88.6,8.73,Yes,5.4
S1855,21,Female,3.2,3.7,1.2,No,59.9,,Fair,2,High School,Good,5,No,56.1,0.35,,4.9
S1041,23,Female,2.9,2.3,2.3,No,,7.2,Good,3,Bachelor,Average,6,No,66,2.7,No,4.6
S1868,23,Male,3.8,1.9,3.6,No,96.8,5.5,Fair,3,Master,Good,6,No,77.8,4.49,Yes,5.5
S1748,17,,,2,2.4,No,,6.5,Good,,,Average,4,No,45.7,5.31,No,4.4
S1924,17,Other,2.7,2.3,3.2,Yes,97.4,,Poor,3,Bachelor,Average,5,Yes,57.4,3.41,,5.5
S1862,18,Female,5.5,2,0,No,90.1,6.2,Good,5,High School,Poor,8,No,93.7,8.81,No,2
S1587,19,Male,4.3,1.1,2,No,78.9,7.5,Good,3,Master,Average,6,No,71.4,6.05,No,3.1
S1543,18,Female,5.2,3.7,0.9,No,96,6.9,Good,4,High School,Poor,7,No,77.1,7.02,No,4.6
S1446,19,Male,3.7,1.8,0.9,Yes,75.9,5.9,Fair,3,High School,Average,5,No,56.3,8.49,Yes,2.7
S1447,22,Female,5.9,0,3,No,100,6.3,Fair,3,High School,Good,6,Yes,93.6,9.54,No,3
S1349,23,Female,5.7,0.9,1.2,No,89.2,5.8,Poor,3,Bachelor,Average,7,No,100,9.47,Yes,2.1
S1045,20,Male,3.6,3.1,1.1,No,93.9,8.4,Fair,3.0 days/wk,Bachelor,Average,7,Yes,75.1,4.26,No,4.2
S1964,23,Other,3.5,2.3,2.1,No,84.3,7.6,Good,3,High School,Poor,,Yes,89.1,4.66,No,4.4
S1108,22,Female,2.4,1.9,2.1,No,93.3,6.6,Poor,3,High School,Average,6,Yes,60,2.2,No,4
S1617,24,Female,3.4,2.2,0.4,No,91.4,5.6,Fair,4.0 days/wk,High School,Poor,6,No,71.3,5.29,Yes,2.6
S1661,19,Male,3.6,3.5,2.1,No,82.2,5.8,Good,,,Poor,5,No,62.5,4.87,Yes,5.6
S1029,20,Female,2,3.2,3.8,Yes,82.6,6.7,Poor,3.0 days/wk,High School,Poor,6,Yes,75.7,-2.95,No,7
S1181,23,Male,3.5,3,1.5,Yes,79.1,5.5,Good,2,Bachelor,Average,5,No,67.4,3.08,Yes,4.5
S1621,18,Female,,1.7,1.4,No,95.5,7.8,Good,4,,Good,7,No,70.7,3.94,No,3.1
S1419,22,Male,2.3,4.6,0.6,No,93.9,6.2,Good,3,Master,Good,5,No,58.7,1.82,No,5.2
S1634,18,Female,,2.5,1.8,,,6.3,Poor,,High School,Average,,,76.8,7.08,No,4.3
S1976,24,,3.7,3.6,1.7,,,5.7,Good,2,Bachelor,Good,,,77.4,3.85,Yes,5.3
S1104,18,Male,3.8,3.3,2.5,No,90,7.6,Good,3,Bachelor,Good,7,No,74.3,3.29,No,5.8
S1060,19,Female,1.7,2.1,0.6,Yes,92.1,7.9,Fair,3,High School,Average,6,No,61.2,1.22,No,2.7
S1658,20,Female,,,1.4,Yes,,4.3,,,Master,Good,5,No,74.8,4.76,Yes,1.4
S1083,24,Male,2,0.6,3,No,89,7.7,Poor,2,High School,Good,5,Yes,50.5,0.71,No,3.6
S1490,24,Female,4.4,1.4,2.2,No,94.6,5.5,Good,3,Master,Good,5,Yes,63.6,6.18,Yes,3.6
S1315,24,Female,4.5,3.4,0.4,No,79.6,6.1,Fair,4,High School,Poor,7,No,98.8,7.08,No,3.8
S1450,22,Female,3.1,3.3,1.8,No,98.5,6.5,Fair,3,Bachelor,Average,5,No,62.7,3.52,No,5.1
S1381,22,,6.2,,3.4,,82.8,,Poor,,Bachelor,Good,7,No,100,8.96,,3.4
S1422,22,Female,2,2.4,3.9,No,66.9,4.1,Fair,1,High School,Good,2,Yes,29.5,1.62,Yes,6.3
S1496,19,Female,3.8,12.3,1.8,No,86.1,4.7,Good,2,High School,Average,4,No,73.9,-1.94,Yes,14.1
S1941,21,Male,2.1,3.5,0.9,No,88.8,5.6,Fair,3,High School,Good,,No,63.4,1.54,Yes,4.4
S1739,,,3.1,2.8,2.2,,,7.4,Poor,4,,Good,7,Yes,74.1,2.26,No,5
S1523,23,Other,4,3.4,3.2,No,83,6.6,Good,3,High School,Average,6,No,61.7,2.53,No,6.6
S1445,19,Male,2.1,2.3,0.9,No,78.8,4.8,Good,3,Bachelor,Poor,5,No,63.1,0.56,Yes,3.2
S1663,22,Female,2.5,0.8,2,No,89.6,8.6,Fair,3,High School,Good,7,No,75.6,3.57,No,2.8
S1000,23,Female,0,,1.1,No,,,Fair,,Master,,5,Yes,56.2,-1.96,,1.1
S1779,19,Female,3.6,2,1,Yes,80.7,7.1,Good,4,Bachelor,Average,,No,85.6,4.22,No,3
S1974,20,Male,3,2.5,1.7,No,90.1,4,Fair,2,Bachelor,Poor,4,No,70.9,4.35,Yes,4.2
S1626,21,Male,,1.6,2.1,No,78.8,6.3,Good,2,Bachelor,Good,5,Yes,70.8,5.38,No,3.7
S1457,24,Male,2.4,2.6,1.5,No,86.5,5.7,Good,2,High School,Good,4,No,58.9,0.32,Yes,4.1
S1488,17,Male,5.3,2.5,2.7,Yes,83.2,5.8,Good,4,Bachelor,Average,7,Yes,93.4,4.65,Yes,5.2
S1088,20,Male,3.9,2.3,2.1,No,100,6.1,Poor,,Bachelor,Good,5,No,73.4,5.58,No,4.4
S1483,22,,,1.7,1.8,,73.2,6.2,Fair,,,Poor,,No,76,4.58,No,3.5
S1460,18,Male,3.7,3.3,0.3,Yes,87.4,6.6,Fair,5,,Good,7,No,72.3,4.98,No,3.6
S1077,20,Female,2.7,1.4,0.4,No,82.6,7.8,Fair,3,Bachelor,Poor,6,No,57.2,4.1,No,1.8
S1268,23,Male,3.2,3.8,2.3,No,100,5.1,Fair,2,Bachelor,Poor,5,No,76.1,1.84,Yes,6.1
S1929,17,Female,5.7,2.7,1.4,No,79,7.7,Good,4,Master,Average,8,Yes,89.8,7.08,No,4.1
S1123,23,Female,4.9,1.3,2.8,No,80.8,7.2,Good,2,Bachelor,,6,No,77,7.85,No,4.1
S1297,23,Female,4.1,2.8,1.4,No,82.4,3.5,Good,2,Master,Average,4,No,60.1,6.46,Yes,4.2
S1881,22,Male,2.9,2.7,2.6,Yes,86.8,4.7,Fair,2,Master,Average,3,No,45.5,4.75,Yes,5.3
S1095,22,Male,1.7,2.9,2,No,97.5,6,Good,2,High School,,4,No,50.2,2.72,No,4.9
S1733,24,Male,3.3,2.8,0,No,98.3,7.3,Fair,2,Bachelor,Good,5,No,70.6,3.8,No,2.8
S1011,23,Male,3.9,2.4,2.5,No,71.7,7.9,Fair,3,Bachelor,Average,7,No,74.4,4.84,No,4.9
S1114,23,Female,5.3,1.2,0.8,No,92.3,8.2,Fair,,High School,Average,7,No,83.3,10.9,No,2
S1843,23,Female,3,4.8,2.3,Yes,92,,,3,,,6,,60.6,1.84,,7.1
S1428,17,Female,2.3,1.5,3.2,No,,8.2,Good,4,High School,Average,7,No,52.4,1.84,No,4.7
S1257,,Female,3.9,,2,,79.1,,Fair,2,,Good,5,No,71,6.86,,2
S1731,17,Male,3.5,13.4,2.4,No,92.2,6.2,Good,2,Master,Poor,5,No,63.6,-5.91,No,15.8
S1764,21,Male,6.6,2.6,1.5,No,84.7,7.9,Fair,5,Master,Poor,9,No,96.6,11.18,No,4.1
S1352,17,Male,2.4,3.2,3.7,No,78.9,8.2,Good,4,Bachelor,Good,6,Yes,47,-0.36,No,6.9
S1978,24,,1.6,,,No,82.7,7.8,Fair,,Bachelor,Good,5,,43.5,3.93,No,0
S1773,20,Male,3.3,3.6,2.6,No,100,6.2,Fair,4,High School,Poor,6,Yes,57.1,3.52,No,6.2
S1690,,Male,,1.8,1.2,Yes,88.3,,Fair,3,,Average,,No,70.5,2.99,,3
S1922,,Male,1.3,,3.6,,,5.8,,,Master,,4,Yes,44.3,-3.05,Yes,3.6
S1790,,Male,0.8,3.9,2.4,,62.9,5.5,Fair,,,,,No,31.5,-2.38,Yes,6.3
S1531,24,Female,2.8,2.2,2.7,No,87.5,5.9,Good,1,High School,Good,3,Yes,47.4,2.63,Yes,4.9
S1867,22,Female,5.4,3,1.5,No,100,8.5,Poor,4,Bachelor,Good,8,No,94.5,6.14,No,4.5
S1169,22,Male,4.4,3.5,2.7,Yes,87,7.8,Fair,3,,Good,6,No,62.4,3.9,No,6.2
S1239,24,Male,2.5,2.6,1.4,No,100,6.2,Poor,3,Master,Poor,5,No,52.5,1.72,No,4
S1277,22,Female,5.9,3.5,0.4,No,89,4.9,Good,2,High School,Good,5,No,71.4,11.59,Yes,3.9
S1160,23,Male,3.6,3,2,No,93.9,5.1,Fair,2,Master,Average,4,No,65.2,5.01,Yes,5
S1073,18,Female,7.4,3.6,3.9,No,83.6,5.5,Fair,4,High School,Average,7,Yes,97.7,10.63,Yes,7.5
S1529,18,Female,3.1,3.2,1.6,No,84.8,7.5,Fair,3,Master,Good,6,No,65.7,3.87,No,4.8
S1062,21,Male,4.5,3.4,3.3,Yes,93.1,7.1,Good,3,High School,Good,7,No,94.7,4.87,No,6.7
S1761,18,Female,,3.4,2,No,77.5,7.9,Good,4,Bachelor,Good,7,Yes,71.8,3.31,No,5.4
S1492,17,Male,3.8,3.1,2.3,No,77.3,8.1,Good,4,High School,Good,7,No,67.8,3.85,No,5.4
S1740,23,Female,,2.4,1.2,Yes,86.8,6.5,Poor,2,High School,Average,5,Yes,79,3.41,No,3.6
S1750,24,Female,6.1,1.9,0.2,No,97.6,5.9,,3,Bachelor,Poor,6,No,98.5,11,Yes,2.1
S1741,22,Female,3,2,1.7,No,98.5,5.4,Poor,2,Bachelor,Good,4,No,51.3,3.89,Yes,3.7
S1830,21,Female,4.7,,0,No,,9.1,,3,,Good,7,,83.5,8.89,No,0
S1795,23,Male,5.6,4.6,1.1,No,85.4,5.4,Good,4.0 days/wk,High School,Poor,,Yes,89.7,8.16,Yes,5.7
S1047,23,Female,2.5,2.9,2.7,No,83.5,,Good,4,High School,Good,6,Yes,59.7,-1.31,,5.6
S1762,21,,1.9,2.3,,,84,,Fair,,High School,Poor,6,No,51.8,-0.91,,2.3
S1591,24,Female,4.5,4.4,2.2,No,85.1,6.5,Fair,2,High School,Good,,No,64,7.39,No,6.6
S1807,17,Female,3.3,1.8,0,No,70.3,4.7,Poor,2,High School,Average,4,Yes,65.2,5.9,Yes,1.8
S1984,24,Male,3.2,3,0.1,No,,6.8,Fair,4,High School,Average,7,No,82.4,6.78,No,3.1
S1505,17,Female,3.5,0.9,0.4,No,78.7,6.3,Fair,3,High School,Average,,Yes,72.9,7.73,No,1.3
S1020,22,Female,3.8,2.3,2.9,No,83,6.4,Good,4,Master,Good,6,No,58.5,5.93,No,5.2
S1968,22,Female,4.6,2.6,1,No,76.1,6.1,Good,3,High School,Average,6,No,74.6,8.27,No,3.6
S1424,24,Male,4.1,3.8,1.9,Yes,84.5,7.6,Fair,4,Bachelor,Poor,7,No,73,4.49,No,5.7
S1652,23,Female,5.9,4.6,0.9,No,96.9,5.4,Good,3,,Average,6,No,100,8.35,Yes,5.5
S1192,17,Female,4.3,3.3,2.3,No,86.5,5.5,Poor,3,Master,Good,5,No,69.4,5.29,Yes,5.6
S1642,24,Female,2.4,2.9,0.5,No,71.5,6.8,Fair,3,High School,,,Yes,50.4,3.86,No,3.4
S1215,21,Female,3.2,4.2,0.7,No,76.5,5.4,Good,3,High School,Good,5,Yes,67.5,3.02,Yes,4.9
S1244,23,Male,5,4.5,2.3,No,87.2,7.7,Good,3,High School,Average,7,No,98,4.68,No,6.8
S1363,18,Male,,2.1,3.6,No,87.8,,,3,,Poor,5,,56.9,5.52,,5.7
S1059,21,Female,,2.2,2.6,No,84.5,6.7,Good,4,Master,Average,8,Yes,97.1,5.84,No,4.8
S1221,19,Male,,,,No,,5.4,Poor,1,,Good,4,Yes,63.7,6.13,Yes,0
S1176,19,Male,2.6,3.1,0.3,No,84.6,7.1,Good,4.0 days/wk,High School,Average,,Yes,77.5,3.73,No,3.4
S1449,22,Female,3.1,4,1.3,No,85.2,8,Fair,3,High School,Good,6,Yes,74,0.89,No,5.3
S1055,20,Male,5.4,2.8,3.8,No,91.8,6.9,Good,4,High School,Good,7,No,87.2,5.57,No,6.6
S1803,17,Female,4.5,1.2,2.6,No,86,5.3,,2,Bachelor,Good,5,Yes,76.3,7.16,Yes,3.8
S1254,17,Male,2.5,3.7,1.2,Yes,78.6,7.8,Good,2,Bachelor,Average,6,No,78.8,-0.36,No,4.9
S1919,,Female,,2.2,1.5,,67,8.5,Good,4,High School,Good,,,74.7,3.32,No,3.7
S1385,24,Male,4.2,3,2.1,No,,6.5,Poor,3,Bachelor,Poor,6,No,64.2,5,No,5.1
S1948,22,Female,3,3,1.6,No,70.2,6.7,Fair,3,Master,Good,6,No,63.2,0.02,No,4.6
S1197,20,Female,4.1,2.7,0,No,89.5,6.5,Fair,4,Master,Average,7,Yes,87.1,5.78,No,2.7
S1068,20,Female,4.9,0.3,2.7,Yes,92.3,6.2,Good,3,Bachelor,Poor,6,No,82.1,9.64,No,3
S1722,20,Male,1.6,1.8,0,No,98.8,6.4,Good,2,Bachelor,Good,4,No,58.6,3.46,No,1.8
S1744,19,Female,3.3,0.7,3.6,No,75.5,6.1,Poor,3,High School,Good,5,Yes,52.6,4.91,No,4.3
S1713,20,Female,4.7,1.8,0.2,Yes,94.4,6.7,Fair,4,Bachelor,Good,7,No,83.3,7.79,No,2
S1168,23,Male,1.7,3.3,0.6,No,89,5.4,Fair,2,Bachelor,Good,4,Yes,50.1,0.93,Yes,3.9
S1185,21,Female,1.3,3.8,3.6,Yes,80.6,6.7,Fair,3,Bachelor,Good,5,No,40.4,-3.11,No,7.4
S1035,21,Female,4.2,1.7,0,Yes,84.2,6.5,Good,2,Bachelor,Average,5,No,72.6,6.31,No,1.7
S1641,22,Male,3.4,5.7,0,No,86.9,5.3,Good,4,Bachelor,Poor,6,No,74.7,1.52,Yes,5.7