Student_ID,Gender,Department,Year_of_Study,Living_Situation,StudyHoursPerDay,SleepHoursPerNight,InternetUsageHours,AttendanceRate,ExtracurricularHoursPerWeek,PhysicalActivityHoursPerWeek,PartTimeJobHoursPerWeek,StressLevel,Diet_Quality,Cumulative_Grade
IITB01000,Male,Electrical Engineering,1,On-campus,1.92,8.48,2.92,78.2,4.31,3.6,0.76,4.1,Excellent,4.85
IITB01001,Female,Mathematics,2,Off-campus,2.21,5.94,6.84,66.8,8.76,0.78,10.66,9.1,Good,4.5
IITB01002,Non-binary,Electrical Engineering,1,On-campus,1.96,3.01,7.1,69,6.55,1.2,11.58,4.4,Average,4.5
IITB01003,Female,Physics,1,Off-campus,1.39,4.91,6.97,67.8,7.02,1.27,6.66,6.2,Poor,4.5
IITB01004,Male,Chemical Engineering,4,On-campus,4.82,8.13,2.64,86.6,4.52,4.94,4.48,4.6,Good,6.34
IITB01005,Male,Economics,1,Off-campus,2.77,6.52,5.23,66.4,5.97,0,14.9,5.8,Average,4.5
IITB01006,Male,Physics,3,On-campus,1.12,4.71,6.9,49.5,2.97,1.64,4.76,5.3,Average,4.5
IITB01007,Male,Mathematics,2,On-campus,3.98,7.53,2.97,93.1,3.36,3.92,6.58,3.5,Good,7.24
IITB01008,Male,Physics,1,On-campus,3.64,3.19,3.12,75,2.84,,6.54,8.8,Average,4.5
IITB01009,Male,Economics,4,On-campus,7.07,5.91,2.04,95.7,1.19,3.08,1.21,7,Good,7.23
IITB01010,Male,Electrical Engineering,3,On-campus,2.93,,5.6,65.9,1.51,2.8,4.5,4.5,Average,4.5
IITB01011,Male,Mathematics,3,Off-campus,8.26,6.15,1.79,92.9,1.68,2.5,1.68,7.3,Excellent,7.9
IITB01012,Male,Chemical Engineering,3,On-campus,0.5,5.96,7.95,62.2,4.46,1.89,14.92,9.2,Good,4.5
IITB01013,Male,Biology,2,On-campus,2.75,5.79,6.23,73.6,2.99,1.7,8.03,6.8,Good,4.5
IITB01014,Male,Biology,3,Off-campus,4.02,4.71,5.56,78.9,5.42,2.38,7.62,6.2,Average,4.5
IITB01015,Female,Economics,1,Off-campus,1.67,5.95,5.1,78.4,2.68,3.3,4.89,4.7,Average,4.5
IITB01016,Male,Economics,4,Off-campus,4.23,7.23,2.45,79.5,4.22,3.89,,5.1,Excellent,6.1
IITB01017,Male,Civil Engineering,3,Off-campus,5.36,4.58,5.34,81.5,0.95,3.1,6.71,8.2,Good,6.83
IITB01018,Male,Economics,1,On-campus,1.93,4.85,6.15,55.3,7.8,2.59,4.79,5.4,Average,4.5
IITB01019,Male,Electrical Engineering,4,Off-campus,4.49,7.56,3.25,82.5,4.51,3.71,2.22,3.8,Average,6.8
IITB01020,Female,Chemical Engineering,3,On-campus,4.59,6.77,3.27,85.8,4.55,5.23,1.1,4.6,Good,5.63
IITB01021,Male,Civil Engineering,2,Off-campus,7.29,6.38,2.48,97,1.68,2.12,2.84,7.8,Excellent,8.17
IITB01022,Female,Chemical Engineering,1,Off-campus,2.91,7.21,1.91,90.3,4.29,6.25,6.49,4.1,Average,5.37
IITB01023,Female,Chemical Engineering,4,Off-campus,3.58,6.83,1.88,84.9,3.9,5.29,0.51,5.7,Good,5.6
IITB01024,Female,Chemical Engineering,4,Off-campus,11.76822202,7.36,2.26,91.5,1.16,,0.54,7.4,Good,8.38
IITB01025,Female,Mathematics,3,Off-campus,8.04,6.49,2.58,91.7,0.51,2.82,1.45,7.4,Good,7.79
IITB01026,Female,Computer Science,2,Off-campus,6.46,7.74,1.78,90.1,0.76,2.58,0.91,6.8,Average,7.38
IITB01027,Male,Electrical Engineering,2,On-campus,4.5,4.1,5.13,70.5,1.27,2.46,7.15,5.5,Good,4.5
IITB01028,Male,Mathematics,1,On-campus,5.4,5.04,4.04,71.2,2.43,1.38,6.88,4.5,Poor,4.93
IITB01029,Female,Computer Science,3,Off-campus,4.25,6.18,7.6,55.9,2.74,1.15,3.78,6,Good,4.5
IITB01030,Female,Biology,1,On-campus,5.3,8,3.1,72,5.46,3.4,4.01,4.6,Poor,6.69
IITB01031,Female,Mechanical Engineering,4,Off-campus,7.01,5.53,1.56,92.3,1.06,,2.76,8.4,Average,7.74
IITB01032,Male,Physics,1,Off-campus,1.14,3.97,6.07,70.4,8.27,1.01,9.15,6.2,Good,4.5
IITB01033,Male,Civil Engineering,3,On-campus,5.01,,2.88,79,3.12,5.24,3.08,4.9,Excellent,7.17
IITB01034,Female,Mechanical Engineering,2,Off-campus,3.3,7.27,3.8,83.4,6.19,,5.42,5.5,Excellent,4.5
IITB01035,Male,Economics,1,Off-campus,7.08,6.51,1.06,89,1.83,1.25,0.05,6.5,,7.73
IITB01036,Female,Electrical Engineering,3,Off-campus,1.85,,6.99,52.9,5.9,1.14,8.68,5.6,Average,4.5
IITB01037,Female,Mechanical Engineering,3,On-campus,1.51,5.61,7.42,52.7,4.38,1.88,2.93,4.2,Poor,4.5
IITB01038,Male,Economics,3,Off-campus,3.5,4.79,4.43,70.8,1.72,2.42,2.86,5.9,Poor,4.5
IITB01039,Female,Mechanical Engineering,1,Off-campus,7.46,6.28,1.58,96.8,0.45,2.54,0.17,6.4,Average,8.49
IITB01040,Female,Economics,2,Off-campus,4.12,7.63,1.65,75.1,4.1,2.66,3.2,6.7,Average,6.4
IITB01041,Male,Mathematics,4,Off-campus,6.68,6.66,1.16,95.5,0.38,1.54,2.15,8.6,Excellent,7.38
IITB01042,Female,Electrical Engineering,3,Off-campus,5.07,7.3,4.09,77.1,4.61,2.34,2.71,3.7,Average,6.62
IITB01043,Female,Computer Science,3,On-campus,4.29,4.7,4.25,73.5,3.22,3.17,4.09,5.4,Good,5.4
IITB01044,Male,Computer Science,1,Off-campus,5.42,8.2,2.6,88,5.09,2.31,3.05,4.3,Good,7.56
IITB01045,Male,Electrical Engineering,4,Off-campus,6.9,,2.34,85.9,4.79,2.39,0,6.3,Average,7.23
IITB01046,Male,Mathematics,2,Off-campus,4.06,,6.01,59.2,1.43,1.38,4.32,4,Excellent,4.5
IITB01047,Female,Biology,2,Off-campus,2.33,5.99,5.61,59,5.19,1.22,3.44,6.9,Poor,4.5
IITB01048,Male,Mathematics,2,Off-campus,4.84,7.79,2.69,77.6,4.84,3.09,4.88,5,Excellent,6.05
IITB01049,Male,Mechanical Engineering,1,Off-campus,2.8,5.85,1.74,74.8,5.38,3.09,8.2,6.8,Excellent,5.29
IITB01050,Male,Economics,2,On-campus,1.08,6.2,7.28,67.3,6.54,0.42,9.34,7,Good,4.5
IITB01051,Male,Economics,1,On-campus,4.55,4.81,4.04,82.4,2.18,2.18,3.32,6,Good,6.53
IITB01052,Male,Biology,2,Off-campus,3.36,7.4,3.47,83.5,4.85,2.96,4.18,4.2,Good,5.23
IITB01053,Male,Biology,3,On-campus,3.22,6.69,5.58,52.1,7.48,2.04,7.76,4.9,Poor,4.5
IITB01054,Male,Biology,4,On-campus,8.03,6.11,2.19,92.2,0.31,2.92,0,6.7,Good,9.4
IITB01055,Female,Civil Engineering,1,Off-campus,6.64,6.79,1.33,89.6,1.2,2.18,0.41,8.2,Good,6.42
IITB01056,Female,Aerospace Engineering,2,Off-campus,2.12,7.13,5.31,50.9,4.06,2.63,14.16,3.9,Good,4.5
IITB01057,Female,Civil Engineering,2,Off-campus,6.56,8.09,1.85,83.9,0.73,2.59,0.56,8.4,Good,7.3
IITB01058,Male,Electrical Engineering,1,Off-campus,7.77,6.33,2.98,90.7,0.6,1.65,0,6.7,Average,8.12
IITB01059,Female,Economics,1,On-campus,2.04,4.46,4.39,69.8,2.17,0.81,5.1,2.5,Poor,4.5
IITB01060,Male,Electrical Engineering,2,On-campus,5.76,7.56,2.56,86,5.83,2.77,5.16,7.2,Average,7.82
IITB01061,Male,Mechanical Engineering,3,Off-campus,7.81,6.09,0.91,87.3,0.8,2.21,2.38,8.6,Good,7.29
IITB01062,Male,Biology,4,Off-campus,3.92,7.36,4.2,87.6,3.27,5.78,3.05,5.7,Average,5.73
IITB01063,Male,Electrical Engineering,4,Off-campus,7.22,6.21,2.05,88,1.34,1.72,0.93,6,Good,8.09
IITB01064,Male,Computer Science,3,On-campus,3.49,6.06,4.56,73.1,4.86,2.03,4.14,5.6,Average,4.5
IITB01065,Male,Chemical Engineering,1,Off-campus,2.89,4.38,9.41,58.1,4.29,0,8.37,5.6,Poor,4.5
IITB01066,Male,Mathematics,3,Off-campus,1.93,5.09,6.35,61,5.38,1.27,11.77,7.3,Average,4.5
IITB01067,Female,Civil Engineering,2,On-campus,2.86,5.25,4.88,72.8,1.88,1.17,1.08,4.9,Good,4.5
IITB01068,Male,Civil Engineering,2,On-campus,6.29,6.95,0.76,92.5,0.81,2.09,0.11,7.8,Good,9.1
IITB01069,Non-binary,Mechanical Engineering,4,Off-campus,3.81,7.6,1.83,78.3,5,2.69,1.74,6.1,Excellent,6.59
IITB01070,Female,Physics,3,On-campus,7.14,6.29,1.29,96,1.31,2.26,0,7,Average,8.28
IITB01071,Female,Economics,3,On-campus,4.59,7.23,1.82,87.4,4.83,5.9,8.04,4.3,Good,6.78
IITB01072,Female,Electrical Engineering,1,On-campus,1.39,6.23,6.72,54,6.92,1.87,3.47,6.4,Good,4.5
IITB01073,Male,Physics,4,On-campus,1.45,4.86,7.85,78.3,5.07,1.23,4.5,5.7,Average,4.5
IITB01074,Non-binary,Economics,4,On-campus,4.79,7.87,2.87,85.2,3.62,4.75,5.68,4.3,Good,7.09
IITB01075,Female,Computer Science,2,On-campus,4.47,7.74,2.82,81.9,3.35,3.26,8.14,6,Good,5.82
IITB01076,Male,Civil Engineering,2,On-campus,0.9,5.29,6.96,57.7,7.04,1.79,4.48,6.7,Average,4.5
IITB01077,Male,Computer Science,1,Off-campus,7.35,6.46,0.74,88.4,1.98,3.6,0,7.5,Poor,7.18
IITB01078,Male,Civil Engineering,1,On-campus,2.18,5.72,4.5,65.3,7.67,0,,5,Average,4.5
IITB01079,Female,Biology,3,Off-campus,5.29,7.22,3.56,86.3,3.32,5.12,7.11,3.5,Good,8
IITB01080,Male,Physics,1,Off-campus,2.92,5.33,6.05,70.6,6.67,1.75,,4.7,Average,5.11
IITB01081,Female,Physics,4,On-campus,8.51,6.62,1.92,88.1,1.43,2.11,0.08,8.8,Good,8.03
IITB01082,Female,Chemical Engineering,4,On-campus,5.43,8.07,1.67,85.5,3.19,3.64,0.08,5.8,Good,6.56
IITB01083,Male,Mechanical Engineering,2,Off-campus,7.08,6.08,2.13,91.9,0.5,1.44,0.3,7.6,Good,6.86
IITB01084,Female,Electrical Engineering,2,On-campus,5.68,7.32,4.08,91.1,4.77,4.13,5.38,6.3,Good,6.95
IITB01085,Female,Biology,2,Off-campus,3.99,6.62,4.97,81.2,4.15,2.3,4.86,6.6,Average,6.3
IITB01086,Male,Biology,1,Off-campus,2.37,5.09,5.35,83.3,3.45,3.61,5.36,6.2,Average,4.5
IITB01087,Male,Mathematics,1,On-campus,1.96,5.41,4.22,61.4,4.76,2.57,13.03,8,Poor,4.5
IITB01088,Female,Electrical Engineering,2,Off-campus,0.86,6.6,6.22,64.1,4.1,2.43,5.58,7.8,Average,4.5
IITB01089,Female,Civil Engineering,4,Off-campus,5.73,7.83,2.78,90.2,5.45,5.06,6.21,7.4,Good,7.99
IITB01090,Female,Economics,4,On-campus,5.57,7.54,2.67,81.8,4.61,5.84,0.37,3.7,Average,6.98
IITB01091,Male,Aerospace Engineering,4,On-campus,4.98,8.29,2.91,83,4.29,3.54,3.15,6.4,Excellent,5.63
IITB01092,Male,Physics,3,Off-campus,5.19,6.34,4.03,75.8,3.72,4.35,,5.5,Good,6.18
IITB01093,Non-binary,Chemical Engineering,4,Off-campus,5.14,6.41,1.35,85.3,1.12,2.58,1.91,7,Average,6.57
IITB01094,Female,Aerospace Engineering,2,On-campus,0.78,,6.16,48.8,2.62,2.47,2.62,7.4,Poor,4.5
IITB01095,Male,Electrical Engineering,1,On-campus,4.61,7.84,3.98,86.3,4.37,4.58,9.25,3.1,Good,7
IITB01096,Female,Computer Science,3,On-campus,2.84,6.35,8.13,52.8,4.21,1.82,6.6,3.7,,4.5
IITB01097,Female,Computer Science,4,On-campus,6.35,6.59,0.76,91.6,0.11,2.54,0.56,7,Excellent,7.67
IITB01098,Male,Computer Science,1,On-campus,5.8,5.94,2.22,92.8,1.31,2.83,0,6.5,,6.94
IITB01099,Female,Physics,1,On-campus,3.07,6.18,5.23,69.4,4.94,1.65,4.62,4.1,Excellent,4.5
IITB01100,Male,Civil Engineering,1,Off-campus,1.24,6.38,5.01,67.5,7.75,1.78,8.79,7.1,Poor,4.5
IITB01101,Female,Biology,1,Off-campus,4.94,7.32,1.05,80.9,3.46,4.19,5.86,4.6,,6.98
IITB01102,Male,Biology,1,Off-campus,4.35,4.73,4.19,64.5,4.09,1.45,10.07,8.5,Good,4.5
IITB01103,Male,Mechanical Engineering,2,Off-campus,4.04,6.53,2.47,79.3,4.01,3.08,2.04,4.3,Good,6.25
IITB01104,Female,Physics,4,On-campus,1.73,6.23,5.62,66.4,3.19,0.38,2.4,7.6,Poor,4.5
IITB01105,Female,Physics,4,On-campus,2.39,5.91,6.53,73.5,4.15,2.35,8.02,7.1,Average,4.5
IITB01106,Female,Aerospace Engineering,4,Off-campus,1.57,5.72,7.91,60.9,2.95,0,11.59,7.9,Excellent,4.5
IITB01107,Male,Aerospace Engineering,1,Off-campus,5.31,4.39,6.24,75.6,1,3.2,0.59,7.1,Good,4.84
IITB01108,Female,Computer Science,1,Off-campus,6.19,6.89,0.68,90.2,1.88,,2.69,6.3,Good,6.31
IITB01109,Male,Biology,1,On-campus,4.55,3.35,5.56,70.6,2.6,2.8,7.05,7.4,,4.5
IITB01110,Female,Civil Engineering,4,Off-campus,4.67,7.08,3.13,78.6,4.53,4.54,1.82,4.6,Poor,6.34
IITB01111,Female,Physics,1,On-campus,3.17,6.04,5.96,71,1.95,3.08,5.39,7.7,Average,4.5
IITB01112,Male,Aerospace Engineering,3,On-campus,2.16,3.59,5.85,80.3,1.06,2.61,7.89,6.1,Poor,4.5
IITB01113,Male,Economics,1,On-campus,3.71,4.67,4.16,71.2,1.22,1.89,7.93,6,Average,4.5
IITB01114,Non-binary,Computer Science,1,Off-campus,6.46,5.62,2.15,100,0.66,2.63,0.57,7.1,Excellent,7.44
IITB01115,Non-binary,Economics,1,On-campus,4.46,7.23,3.79,80.8,4.4,4.95,5.95,6.5,Good,6.34
IITB01116,Female,Physics,3,Off-campus,6.37,7.15,1.87,92.6,1.39,,0.1,8.6,Excellent,6.53
IITB01117,Male,Computer Science,1,Off-campus,5.79,4.06,6.46,78.4,4.06,2.1,4.4,5.9,Poor,4.5
IITB01118,Male,Biology,1,Off-campus,3.43,7.6,3.45,74.9,2.62,3.83,8.67,4.6,Good,6.08
IITB01119,Male,Biology,2,Off-campus,4.27,7.95,2.88,94.3,2.5,5.23,8.62,5.3,Excellent,7.29
IITB01120,Male,Aerospace Engineering,3,On-campus,2.91,3.78,4.6,72.7,4.87,2.14,5.17,7.2,Average,4.5
IITB01121,Male,Economics,2,Off-campus,4.26,,3.81,86.4,6.27,5.05,0.33,4.9,Average,5.44
IITB01122,Male,Mathematics,4,Off-campus,2.97,6.16,5.41,57.8,4.78,0.57,9.33,6.2,Average,4.84
IITB01123,Male,Computer Science,2,On-campus,4.7,8.74,3.18,83.9,4.59,3.45,5.73,5,Good,7.06
IITB01124,Male,Computer Science,1,Off-campus,5.34,6.03,1.3,93.1,0.45,0.54,0,6.7,Excellent,6.77
IITB01125,Female,Economics,2,On-campus,2.51,6.17,6.04,73.7,5.99,2.27,5.82,7.7,Average,4.5
IITB01126,Male,Aerospace Engineering,2,On-campus,1.04,,5.58,64.5,6.26,2.18,10.76,6.6,Good,4.5
IITB01127,Female,Economics,4,Off-campus,4.77,7.22,4.19,82.9,5.76,2.7,6.54,4.1,Excellent,6.14
IITB01128,Male,Computer Science,4,Off-campus,3.28,4.54,5.29,75.8,2.49,3.56,,8.4,Poor,4.5
IITB01129,Male,Economics,4,On-campus,2.57,5.89,6.85,66.6,1.03,1.92,6.4,9.6,Good,4.5
IITB01130,Female,Economics,2,Off-campus,2.86,5.9,7.43,67.8,5.42,2.17,5.95,4.1,Poor,4.5
IITB01131,Male,Aerospace Engineering,1,On-campus,3.69,4.45,5.51,64.5,3.3,2.62,3.57,6.3,Poor,4.5
IITB01132,Male,Aerospace Engineering,4,Off-campus,4.35,7.53,2.68,80.2,4,3.21,5.7,5.8,Excellent,6.27
IITB01133,Female,Mechanical Engineering,2,Off-campus,4.29,5.19,5.31,86.7,2.73,0,7.07,6.5,Average,5.78
IITB01134,Male,Computer Science,3,Off-campus,4.42,,2.95,86,4,3.3,9.33,4.2,Good,6.48
IITB01135,Female,Mechanical Engineering,4,Off-campus,6.94,6.59,1.28,94.9,1.23,2.25,2.05,8.1,Average,7.85
IITB01136,Female,Economics,3,Off-campus,7.39,5.45,1.63,96,0.95,2.43,1.53,7.2,Average,7.99
IITB01137,Male,Economics,2,Off-campus,6.38,7.17,1.83,87.5,1.04,0.87,2.51,6.5,Good,8.03
IITB01138,Male,Mathematics,3,Off-campus,6.93,7.4,1.4,92.8,0.86,1.78,0.96,9.1,Good,7.15
IITB01139,Female,Electrical Engineering,1,On-campus,7.02,6.06,1.91,91.7,1.11,2.86,0.73,8.3,Good,7.64
IITB01140,Female,Chemical Engineering,2,On-campus,6.44,6.22,1.54,92,1.11,1.46,1.3,7.4,Excellent,6.11
IITB01141,Female,Aerospace Engineering,2,Off-campus,6.42,7.37,1.59,88.2,1.65,1.35,0.72,8.1,Average,7.13
IITB01142,Female,Economics,1,Off-campus,1.83,7.31,5.21,58.4,4.73,1.32,14.39,5.6,Poor,4.5
IITB01143,Male,Mechanical Engineering,3,Off-campus,2.67,7.52,3.28,77.5,5.69,3.34,0.49,4.6,Average,4.5
IITB01144,Male,Physics,3,Off-campus,0.78,6.44,6.51,66.6,2.54,2.72,5.16,7.1,Good,4.5
IITB01145,Female,Electrical Engineering,3,Off-campus,4.44,4.75,8.57,64,0.55,2.92,6.67,6.3,Average,4.5
IITB01146,Male,Economics,4,Off-campus,3.52,4.49,5.68,63.9,1.01,1.21,2.26,4.4,Excellent,4.5
IITB01147,Female,Biology,1,On-campus,6.82,6.88,1.43,93.3,0.68,2.95,0.61,7.9,Good,7.56
IITB01148,Female,Computer Science,3,On-campus,2.36,4.55,4.43,74.5,2.56,2.35,10.2,6.4,Poor,4.5
IITB01149,Female,Civil Engineering,2,On-campus,5.6,7.27,1.97,69.9,3.93,,5.27,4.8,Average,7.09
IITB01150,Male,Physics,3,Off-campus,1.95,4.84,5.93,64.4,5.35,1.81,,9.5,Average,4.5
IITB01151,Female,Electrical Engineering,4,On-campus,7.2,7.04,1.84,92.1,0.31,,1.3,7.6,Good,7.06
IITB01152,Male,Physics,1,Off-campus,1.95,5.56,8.39,73.4,2.45,3.08,0.9,6.8,Poor,4.5
IITB01153,Female,Mathematics,3,On-campus,3.79,7.48,3.29,81.3,2.89,3.24,1.34,3.1,Good,7.1
IITB01154,Female,Physics,2,On-campus,4.9,6.29,4.95,74.3,2.59,2.61,6.03,4.7,Good,5.2
IITB01155,Male,Aerospace Engineering,4,Off-campus,3.49,7.46,2.13,86.1,2.42,4.13,3.63,4.8,Excellent,4.88
IITB01156,Male,Aerospace Engineering,3,On-campus,4.14,6.29,2.65,83.7,6.69,3.83,1.15,4.1,Good,6.13
IITB01157,Female,Economics,3,Off-campus,0.98,7.07,5.93,70,4.88,1.96,4.22,9.5,Good,4.5
IITB01158,Male,Chemical Engineering,2,Off-campus,6.01,6.64,0.97,91.7,0.63,2.24,0.12,7.8,Average,8.02
IITB01159,Male,Mechanical Engineering,3,Off-campus,5.33,,7.11,81,1.35,2.27,6.62,7.5,Average,4.82
IITB01160,Female,Electrical Engineering,3,Off-campus,0.95,6.04,6.41,61.1,4.37,1.85,7.55,8.7,Poor,4.5
IITB01161,Female,Electrical Engineering,2,Off-campus,2.69,,3.38,69.8,3.43,1.92,12.69,5.2,Poor,4.5
IITB01162,Female,Electrical Engineering,2,On-campus,2.32,6.21,8.01,65.4,6.07,1.96,8.29,6.8,Good,4.5
IITB01163,Male,Aerospace Engineering,2,Off-campus,1.18,7.46,8,60.2,6.19,1.24,9.65,7,Poor,4.5
IITB01164,Female,Chemical Engineering,1,On-campus,4.4,4.42,3.77,69.9,1.93,,0,6.4,Good,4.99
IITB01165,Female,Aerospace Engineering,1,On-campus,2.3,5.6,7.26,42.4,4.85,0.41,8.65,7.7,Average,4.5
IITB01166,Female,Civil Engineering,1,On-campus,5.15,7.58,3.94,79.1,3.86,3.13,2.44,4.8,Good,6.74
IITB01167,Female,Electrical Engineering,4,Off-campus,3.46,7,5.34,52,6.72,2.54,13.62,5.3,Average,4.5
IITB01168,Male,Chemical Engineering,4,Off-campus,3.41,7.42,3.1,84.3,2.28,4.62,1.98,4.6,Good,4.71
IITB01169,Male,Mathematics,4,Off-campus,5.25,7.59,2.57,80.8,4.31,2.98,8.12,4.4,Good,6.71
IITB01170,Male,Chemical Engineering,4,On-campus,4.75,7.72,3.23,83.1,4.8,4.55,3.8,5.9,Excellent,6.27
IITB01171,Male,Economics,1,On-campus,5.09,7.69,2.76,77.7,2.63,4.83,2.92,7.1,Poor,5.54
IITB01172,Female,Physics,2,Off-campus,8.72,5.74,1.36,88.6,0.32,1.57,1.44,7.3,Average,8.03
IITB01173,Male,Biology,4,Off-campus,4.18,4.47,5.83,68.6,2.81,2.24,7.02,6.2,Average,4.5
IITB01174,Female,Aerospace Engineering,3,On-campus,2.97,,1.69,76.6,6.05,2.2,3.63,4.6,Good,5.72
IITB01175,Female,Chemical Engineering,1,On-campus,2.45,7.89,1.95,85.2,0.6,2.79,0.66,6.2,Good,4.84
IITB01176,Male,Economics,2,Off-campus,4.63,7.12,3.38,77.7,4.53,2.64,2.16,6.2,Excellent,5.87
IITB01177,Male,Physics,1,On-campus,5.49,7.54,2.8,81,4.82,3.62,0,4.4,Excellent,7.29
IITB01178,Male,Mathematics,2,Off-campus,3.53,6.76,5.95,60,1.59,4.14,7.2,4.8,Good,4.5
IITB01179,Male,Economics,2,Off-campus,2.43,5.3,8.78,49.8,4.82,1.58,10.51,6.7,Average,4.5
IITB01180,Male,Civil Engineering,4,On-campus,4.33,7.84,2.76,86.5,4.4,3.83,4.88,3.4,Average,5.96
IITB01181,Female,Civil Engineering,3,On-campus,2.61,4.42,8.14,59.3,4.36,2.14,9.49,6.5,Good,4.5
IITB01182,Female,Physics,2,Off-campus,4.3,7.31,3.02,98.2,6.04,3,5.18,3.7,Excellent,6.69
IITB01183,Female,Electrical Engineering,2,On-campus,4.88,6.06,5.21,76.3,4.12,3.18,1.6,6,Good,4.5
IITB01184,Female,Biology,4,On-campus,3.39,5.06,4.58,71.3,4.22,2.13,3.5,7.2,Good,5.08
IITB01185,Female,Economics,2,Off-campus,8.26,7.92,1.37,94.2,0.35,0,0,6.5,Excellent,8
IITB01186,Male,Electrical Engineering,3,Off-campus,4.68,7.56,3.52,79.7,4.83,4.34,3.48,3.5,Good,5.31
IITB01187,Non-binary,Computer Science,1,Off-campus,4.79,7.7,2.4,84.5,3.07,5.24,3.99,6.6,Average,6.42
IITB01188,Male,Aerospace Engineering,2,Off-campus,5.4,5.01,7.17,63.1,3.25,3.03,,5.5,Average,4.5
IITB01189,Female,Civil Engineering,1,Off-campus,2.64,6.74,8.83,68.4,4.91,1.27,8.68,6,Excellent,4.5
IITB01190,Female,Civil Engineering,4,On-campus,4.64,4.72,6.15,81.6,3.98,2.49,5.7,6.8,,4.62
IITB01191,Female,Electrical Engineering,1,Off-campus,3.53,5.01,4.52,69.1,2.32,3.96,,5.8,Good,4.5
IITB01192,Non-binary,Chemical Engineering,1,Off-campus,1.87,6.82,7.18,55.7,9.47,0.72,10.89,4.2,Average,4.5
IITB01193,Male,Mechanical Engineering,2,On-campus,7.16,5.93,0.87,94.2,0.07,3.49,0,7.6,Average,8.34
IITB01194,Male,Mechanical Engineering,3,On-campus,5.85,7.33,1.83,86.7,1.05,1.93,0.99,8.2,Good,5.72
IITB01195,Male,Aerospace Engineering,3,Off-campus,4.58,8.67,3.12,68.6,3.82,3.2,2.85,5.3,,5.9
IITB01196,Male,Mechanical Engineering,1,Off-campus,2.8,6.75,3.96,83.9,5.13,2.63,3.6,4.1,Excellent,6.34
IITB01197,Female,Civil Engineering,1,Off-campus,6.36,5.61,1.78,92.4,1.29,3.1,0,8.4,Good,6.6
IITB01198,Male,Chemical Engineering,4,Off-campus,2.95,4.49,6.36,66.1,3.24,1.5,9.07,6.6,Good,4.5
IITB01199,Female,Civil Engineering,3,Off-campus,6.29,5.82,1.02,89.9,1.64,2.68,0.85,5.9,Average,7.87
IITB01200,Female,Biology,4,Off-campus,7.46,6.68,1.6,90.1,0.86,1.31,0,7.5,Poor,8.09
IITB01201,Male,Civil Engineering,3,Off-campus,3.72,7.47,2.33,86,3.58,3.76,2.94,5.4,Excellent,5.31
IITB01202,Male,Mathematics,3,Off-campus,2.27,6.2,6.74,77.8,5.41,2.98,6.5,7.3,Average,4.5
IITB01203,Male,Aerospace Engineering,2,Off-campus,2.25,5.5,6.74,50.9,5.09,0.46,4.28,6.5,Poor,4.5
IITB01204,Female,Chemical Engineering,3,Off-campus,2.44,4.2,4.44,84.3,3.6,2.49,0,6.6,Poor,4.5
IITB01205,Female,Aerospace Engineering,4,Off-campus,1.86,4.97,6.58,68.8,6.99,3.75,11.17,7.8,Average,4.5
IITB01206,Male,Biology,1,On-campus,7.49,6.22,2.61,88.1,1,0,1.64,7.1,Average,7.99
IITB01207,Male,Biology,2,Off-campus,2.17,5.56,5.17,84.1,3.94,0.71,7.22,7.5,Average,5.05
IITB01208,Male,Economics,3,On-campus,4.57,6.96,3.14,84,5.91,2.64,4.04,3.4,Excellent,6.75
IITB01209,Male,Physics,2,Off-campus,1.84,6.31,3.83,72.9,1.63,1.86,7.88,5.5,Average,4.5
IITB01210,Female,Physics,3,On-campus,5.65,6.52,2.46,96.8,1.16,2.97,1.01,8.1,Excellent,6.27
IITB01211,Female,Electrical Engineering,2,Off-campus,7.79,7.02,1.26,86.3,1.16,2.33,2.59,9.1,Average,8.69
IITB01212,Male,Mathematics,1,Off-campus,3.48,,4.79,78,2.49,1.59,,7.2,Average,4.97
IITB01213,Female,Biology,1,Off-campus,4.42,3.88,4.67,61.9,2.21,2.42,3.86,6.2,Poor,4.55
IITB01214,Male,Biology,4,Off-campus,1.19,6.08,7.7,65.6,3.1,1.01,10.6,5.5,Good,4.5
IITB01215,Male,Electrical Engineering,4,Off-campus,5.08,7.65,4.01,84.2,5.08,3.46,3.51,3.4,Excellent,7.17
IITB01216,Female,Biology,1,Off-campus,1.69,6.91,2.35,61.9,6.8,1.67,8.5,7.2,Average,4.5
IITB01217,Male,Mathematics,1,On-campus,6.96,,0.2,87.2,1.13,1.48,1.44,9.8,Average,6.62
IITB01218,Male,Chemical Engineering,1,On-campus,2.58,4.9,5.54,72,1.87,1.88,3.95,6.9,Average,4.5
IITB01219,Female,Chemical Engineering,1,On-campus,1.09,5.99,5.35,59.1,5.69,3,6.99,5,Good,4.5
IITB01220,Male,Physics,2,Off-campus,5.83,6.57,2.98,92,3.04,2.82,3.44,6.7,Good,6.53
IITB01221,Male,Economics,1,On-campus,2.27,6.41,8.1,58.5,7.85,2.69,6.05,7.7,Good,4.5
IITB01222,Female,Electrical Engineering,4,Off-campus,2.61,4.22,4.38,59.8,1.71,0.95,7.17,6.8,Poor,4.5
IITB01223,Male,Mechanical Engineering,3,Off-campus,7.74,5.04,2.61,95.2,0.86,1.59,0,6.8,Good,9.04
IITB01224,Male,Aerospace Engineering,1,Off-campus,3.99,5.66,5.21,66.3,3.18,3,6.31,6.2,Good,5.35
IITB01225,Male,Mathematics,3,On-campus,7.92,6.79,0.97,92.9,0.56,2.18,0.28,7.9,Excellent,8.34
IITB01226,Female,Mechanical Engineering,2,On-campus,5.6,7.03,3.6,81.4,3.52,3.55,5.05,4.2,Good,5.64
IITB01227,Male,Computer Science,1,On-campus,6.07,7.86,3.17,76.2,3.71,3.63,1.06,4.8,Good,7.17
IITB01228,Female,Physics,3,Off-campus,3.3,,5.33,86.8,2.88,2.59,8.02,5.1,Excellent,4.5
IITB01229,Female,Mathematics,1,On-campus,5.2,7.72,2.75,92.5,1.88,4.18,4.03,3.7,Poor,6.46
IITB01230,Male,Biology,1,Off-campus,3.63,6.19,3,77.1,5.53,3.04,7.68,4.3,Good,4.99
IITB01231,Female,Computer Science,1,Off-campus,3.57,4.76,4.2,65.5,2.94,2.81,4.89,5.1,Average,4.5
IITB01232,Female,Biology,4,On-campus,4.27,8.01,3.58,76.6,5.52,4.26,3.65,4.4,Average,6.18
IITB01233,Male,Aerospace Engineering,3,On-campus,2.63,5.18,7.37,70.2,4.31,2.54,8.64,3.6,Average,4.5
IITB01234,Female,Mathematics,2,Off-campus,6.64,6.46,2.22,91.8,1.14,2.8,0.72,7.1,Good,6.69
IITB01235,Female,Economics,4,On-campus,7.51,6.4,1.32,92.7,0.29,1.8,1.04,9.7,Good,7.56
IITB01236,Male,Mechanical Engineering,1,Off-campus,5.78,8,1.71,94.4,1.38,0.94,0.75,7.4,Average,6.57
IITB01237,Male,Chemical Engineering,4,Off-campus,1.27,5.17,5.42,70.8,2.14,,,6.1,Good,4.5
IITB01238,Male,Mechanical Engineering,3,On-campus,7.65,5.97,1.81,95.6,0.98,2.21,,9.2,Excellent,6.65
IITB01239,Male,Mathematics,3,Off-campus,4.6,6.07,2.17,87,2.65,3.28,5.75,4.5,Excellent,6.07
IITB01240,Male,Electrical Engineering,4,On-campus,7.36,6.43,0.8,88.9,0.3,2.52,0,9,Excellent,7.29
IITB01241,Female,Physics,3,On-campus,6.83,6.76,1.99,97,0.44,1.01,0.64,6.9,Excellent,8.06
IITB01242,Male,Aerospace Engineering,4,Off-campus,4.1,8.61,2.42,84.7,4.87,4.17,2.61,4.9,Excellent,5.87
IITB01243,Male,Electrical Engineering,4,On-campus,2.55,6.71,6.92,54.7,5.94,0.95,8.4,6.5,Excellent,4.5
IITB01244,Male,Biology,1,On-campus,4.3,7.4,2.38,76.7,4.06,1.23,4.21,5.7,Excellent,6.08
IITB01245,Female,Physics,1,Off-campus,7.71,6.32,2.19,90.8,1.49,2.25,0.99,8.2,Good,7.97
IITB01246,Male,Chemical Engineering,1,On-campus,4.91,7.5,3.12,77.8,4.46,4.02,6.08,7.3,Good,5.31
IITB01247,Male,Physics,1,On-campus,7.4,5.85,1.53,94.3,0.31,0.83,0.93,6.5,Excellent,8.19
IITB01248,Male,Physics,2,Off-campus,6.17,6.46,1.46,84.8,1.09,1.17,0.78,6.1,Good,8.52
IITB01249,Female,Physics,1,On-campus,3.9,7.6,3.64,84.1,3.16,3.63,4.82,4.7,Excellent,5.51
IITB01250,Male,Aerospace Engineering,2,Off-campus,6.79,6.03,1.62,90.4,0.65,2.18,0.37,7.6,Average,6.57
IITB01251,Male,Physics,3,Off-campus,3.41,5.1,6.49,61.1,2.73,1.64,2.3,5.8,Excellent,4.5
IITB01252,Male,Biology,4,Off-campus,0.5,8.25,5.37,57.4,3.86,1.42,11.52,6.8,Average,4.5
IITB01253,Male,Mathematics,1,On-campus,3.91,3.94,5.92,77.3,1.8,2.91,9.28,5.2,Poor,4.5
IITB01254,Male,Computer Science,1,Off-campus,4.93,7.46,2.07,66.6,3.31,5.3,,4.7,Excellent,5.61
IITB01255,Male,Aerospace Engineering,1,On-campus,6.96,8.22,2.51,77.1,2.27,3.69,4.33,5.3,Good,7.82
IITB01256,Male,Biology,4,Off-campus,4.84,7.43,1.87,78.5,5.35,4.18,1.14,2.5,Average,5.46
IITB01257,Female,Physics,2,Off-campus,2.95,6.2,5.46,76.4,3.36,2.06,7.28,4.1,Average,4.5
IITB01258,Male,Aerospace Engineering,4,On-campus,4.81,3.42,5.14,78.1,2.71,,10.66,6.4,Poor,4.9
IITB01259,Female,Economics,4,On-campus,7.47,7.31,2.02,85.7,1.46,1.81,0.67,8.1,Average,7.99
IITB01260,Male,Mechanical Engineering,4,On-campus,1.61,3.93,6.12,69.6,3.56,0.34,9.92,5.1,Average,4.5
IITB01261,Non-binary,Mechanical Engineering,1,Off-campus,4.74,7.9,2.88,76.8,4.91,3.91,4.16,4.7,Excellent,7.09
IITB01262,Non-binary,Biology,2,Off-campus,7.98,6.98,2.25,90,1.43,1.51,2.16,9.6,Good,8.37
IITB01263,Female,Biology,4,Off-campus,2.55,7.66,1.95,70.7,4.02,,5.31,5.3,Good,4.5
IITB01264,Female,Chemical Engineering,1,Off-campus,4.48,6.93,3.47,85.6,4.03,4.32,4.25,8.3,Excellent,5.82
IITB01265,Male,Chemical Engineering,3,On-campus,4.36,4.21,5.53,60,3.15,2.11,3.52,8.7,,4.5
IITB01266,Female,Mechanical Engineering,2,On-campus,1.01,4.58,8.25,59.8,7.63,2.21,12.59,7.1,,4.5
IITB01267,Male,Mathematics,2,Off-campus,3.91,7.01,2.12,82.8,1.41,4.44,3.67,6.4,Good,5.26
IITB01268,Female,Mathematics,4,Off-campus,0.5,4.18,6.85,60.6,4.48,2.01,4.75,6.1,Average,4.5
IITB01269,Male,Mechanical Engineering,3,On-campus,2.83,6.48,3.2,83.7,3.78,4.26,1.28,3.6,Average,5.08
IITB01270,Male,Economics,3,Off-campus,5.25,7.42,3.32,94.9,5.15,3.33,0.17,3.2,Excellent,7.76
IITB01271,Female,Physics,3,On-campus,7.63,7.54,0.27,100,0.97,2.05,1.03,7.6,Average,8.99
IITB01272,Male,Mechanical Engineering,2,On-campus,3.06,4.19,5.17,72,0.49,2.79,3.68,5.4,Average,4.5
IITB01273,Female,Physics,4,Off-campus,5.88,7.86,4.2,87.1,5.12,2.6,0,5.2,,6.48
IITB01274,Female,Computer Science,4,On-campus,5.33,7.11,2.68,84.2,5.87,2.87,3.19,5.6,Good,6.66
IITB01275,Male,Physics,4,On-campus,6.16,5.49,1.64,97.2,1.26,2.33,0.11,7.5,Good,7.07
IITB01276,Male,Mathematics,4,Off-campus,5.45,6.67,1.53,95.7,0,,1.22,8.1,Average,6.81
IITB01277,Male,Civil Engineering,2,Off-campus,1.66,5.91,6.9,59.2,5.82,3.16,5.77,3.5,Poor,4.5
IITB01278,Female,Civil Engineering,1,On-campus,6.14,6.36,0.89,90.7,0.81,2.88,0.75,9.3,Average,6.92
IITB01279,Non-binary,Mechanical Engineering,1,On-campus,1.85,,5.43,61.9,4.69,3.27,1.73,6.3,Good,4.5
IITB01280,Female,Chemical Engineering,1,Off-campus,2.05,7.77,7.37,59.3,4.38,1.19,7.05,6.1,Poor,4.5
IITB01281,Female,Computer Science,2,On-campus,2.36,6.5,5.34,61.9,6.74,0.45,,6.1,Good,4.5
IITB01282,Male,Physics,1,On-campus,8.85,6.39,1.25,92.4,1.08,1.62,,6.2,Good,8.76
IITB01283,Male,Electrical Engineering,1,On-campus,4.22,8.56,3.11,74.2,2.39,5.24,5.82,5.7,Average,5.22
IITB01284,Male,Civil Engineering,1,On-campus,7.93,5.93,1.03,90.7,1.16,3.3,0.47,7.5,Average,7.52
IITB01285,Female,Physics,2,Off-campus,2.96,4.87,7.5,74.2,5.09,3,9.9,8.6,Good,4.5
IITB01286,Male,Physics,1,Off-campus,4.96,7.9,2.82,69.2,3.28,4.16,4.39,4,Good,5.6
IITB01287,Female,Aerospace Engineering,3,Off-campus,4.35,6.84,2.96,83.9,5.9,3.61,2.46,4.4,Average,6.3
IITB01288,Female,Mathematics,2,Off-campus,6.59,6.53,2.35,91,0.46,1.81,1.11,7.6,Good,6.72
IITB01289,Male,Computer Science,3,Off-campus,4.65,4.74,5.68,67.1,2.41,2.53,4.78,7.5,Good,4.5
IITB01290,Male,Physics,4,On-campus,3.64,4.95,7.23,78.7,3.25,1.65,0.3,6.4,,4.5
IITB01291,Male,Biology,1,Off-campus,1.22,6.46,6.7,61,5.08,0.58,8.19,5.1,Average,4.5
IITB01292,Female,Economics,4,Off-campus,4.69,7.46,2.64,79.5,4.1,4.36,2.57,5.5,Good,5.92
IITB01293,Male,Economics,3,On-campus,5.18,8.29,3.13,84.7,5.68,5.01,3.02,6.1,,5.41
IITB01294,Male,Physics,1,Off-campus,4.84,6.38,2.32,80.2,4.68,4.59,5.84,5.2,Good,4.7
IITB01295,Female,Civil Engineering,2,Off-campus,5.07,7.75,2.64,82.9,4.3,4.66,3.58,3.8,Excellent,7.35
IITB01296,Male,Computer Science,4,On-campus,2.44,4.35,6.01,81.2,1.87,0.9,7.35,6,Average,4.5
IITB01297,Male,Chemical Engineering,3,On-campus,3.83,7.88,3.72,87.2,7.78,3.79,0.66,3.7,Good,6.37
IITB01298,Female,Chemical Engineering,2,On-campus,7.27,6.31,0.81,93.7,0.73,2.49,0.97,7.9,Good,8.02
IITB01299,Female,Mathematics,4,On-campus,6.7,6.69,1.78,91.6,0.92,2.4,0.53,7.8,Good,6.71
IITB01300,Female,Computer Science,4,On-campus,6.91,6.96,3.5,82.1,3.71,5.29,9.2,4.3,Good,7.01
IITB01301,Male,Physics,3,Off-campus,4.06,6.02,2.92,75.5,5.69,2.88,3.49,5.5,Good,4.5
IITB01302,Male,Mathematics,4,On-campus,2.74,7.03,2.43,90.8,1.04,4.27,0,2.6,Average,6.3
IITB01303,Female,Computer Science,3,Off-campus,5.16,7.34,2.34,99.8,1.72,3.67,6.38,4.7,Excellent,7.42
IITB01304,Male,Mechanical Engineering,2,On-campus,2.66,6.44,9.1,62,3.66,1.58,10.05,9.1,Poor,4.5
IITB01305,Female,Aerospace Engineering,3,Off-campus,5.91,4.59,4.15,69.1,1.41,3.61,4.92,6,Good,6.16
IITB01306,Male,Biology,4,Off-campus,4.92,6.76,3.88,88.1,4.03,3.22,7.51,4.4,Good,6.04
IITB01307,Male,Economics,1,Off-campus,1.41,8.46,6.41,67.7,6.35,1.99,8.65,6.3,Good,4.5
IITB01308,Male,Aerospace Engineering,1,Off-campus,3.25,5.61,4.24,78.8,3.31,2.46,9.38,5.6,Good,4.58
IITB01309,Female,Physics,1,On-campus,2.71,6.13,4.56,69.5,4.75,3.2,9.02,6.2,Poor,4.79
IITB01310,Female,Economics,1,On-campus,3.27,5.49,6.43,77.2,5.64,0.83,5.56,5.5,Average,4.5
IITB01311,Male,Electrical Engineering,1,On-campus,3.51,7.63,2.43,86.1,4.55,5.37,3.66,3.4,Average,6.02
IITB01312,Female,Mathematics,4,Off-campus,1.96,5.21,3.64,60.5,5.59,2.83,10.09,9.4,Poor,4.5
IITB01313,Male,Electrical Engineering,4,Off-campus,1.03,5.13,5.62,55.2,6.47,1.19,12.11,6.2,Good,4.5
IITB01314,Male,Mechanical Engineering,1,Off-campus,4.98,7.7,4.57,82.3,3.45,4.19,,5.1,Average,6.74
IITB01315,Male,Electrical Engineering,3,Off-campus,4.94,6.96,3.27,71.1,4.75,4.25,2.81,7.5,Average,4.61
IITB01316,Male,Chemical Engineering,3,Off-campus,6.33,6.28,1.83,88.5,0.98,2.02,0,8.1,Average,7.64
IITB01317,Male,Aerospace Engineering,1,Off-campus,3.88,8.24,3.25,87.9,4.86,5.75,,7.2,Good,5.58
IITB01318,Male,Chemical Engineering,1,On-campus,1.52,6.85,6.33,65.9,6.64,0.79,10.38,6.3,Good,4.5
IITB01319,Male,Physics,1,On-campus,6.15,6.93,1.91,96.2,1.41,2.3,0.14,7.1,Average,7.2
IITB01320,Male,Physics,3,Off-campus,4.22,5.98,2,96.1,1.57,2.9,0,6.8,Good,5.69
IITB01321,Male,Mathematics,2,Off-campus,6.3,6.21,1.35,96.6,0.98,1.4,0.71,5.9,Good,7.42
IITB01322,Female,Economics,1,On-campus,3.61,7.56,2.82,77.5,4.67,3.52,3.03,4.4,Good,4.65
IITB01323,Female,Civil Engineering,1,Off-campus,2.71,5.82,6.62,69.1,6.13,0.75,14.27,8.5,Average,4.5
IITB01324,Female,Biology,4,On-campus,1.48,6.09,6.19,58.6,6.19,2.45,5.81,5.5,Average,4.5
IITB01325,Male,Mechanical Engineering,3,Off-campus,3.41,7.23,3.72,80.4,5.13,4.33,5.07,4.5,Good,6.54
IITB01326,Male,Chemical Engineering,2,On-campus,3.63,8.09,3.1,78.7,4.8,2.73,3.89,6.2,,5.66
IITB01327,Female,Mechanical Engineering,4,Off-campus,4.11,7.66,2.48,80.9,3.45,4.05,2.47,4.9,Average,6.14
IITB01328,Female,Electrical Engineering,2,Off-campus,2.96,4.02,8.58,65.1,5.43,0.41,0.82,6.1,,4.5
IITB01329,Female,Chemical Engineering,3,Off-campus,7.24,6.06,1.92,90.8,0.04,1.35,0.2,6.2,Excellent,8.37
IITB01330,Female,Biology,2,On-campus,0.76,5.22,6.8,59.1,5.76,2.7,9.26,5.9,Average,4.5
IITB01331,Female,Physics,2,Off-campus,5.59,6.49,2.23,89,4.57,4.18,1.77,5.4,,7.73
IITB01332,Female,Civil Engineering,4,On-campus,2.2,6.99,6.16,63.5,6.8,1.68,5.65,8.2,Average,4.5
IITB01333,Female,Mathematics,4,On-campus,1.29,5.7,5.86,50.3,4.24,1.66,9.42,7,Average,4.5
IITB01334,Female,Aerospace Engineering,2,On-campus,7.4,7.02,0.86,90.7,1.43,2.45,,7.6,Good,8.44
IITB01335,Female,Chemical Engineering,1,On-campus,3.43,,3.67,76.8,5.43,3.81,5.45,6.5,Average,5.41
IITB01336,Male,Mathematics,2,On-campus,2.98,5.4,4.49,68.5,5.9,3.47,7.88,7.7,Good,4.5
IITB01337,Male,Electrical Engineering,3,Off-campus,5.65,7.27,3.21,90.6,3.5,3.73,10.03,6.3,Good,7.06
IITB01338,Male,Electrical Engineering,1,On-campus,4.28,4.55,4.53,65.4,2.03,4.52,6.05,5.7,Excellent,4.5
IITB01339,Male,Biology,3,Off-campus,4.08,8.44,3.47,84.4,6.54,,5.75,5,Good,6.08
IITB01340,Male,Civil Engineering,4,Off-campus,4.46,8.11,2.33,71.1,3.4,2.73,6.92,6.6,Average,5.87
IITB01341,Male,Computer Science,1,Off-campus,3.47,7.18,2.46,83.9,2.85,3.04,2.4,5.6,Good,5.67
IITB01342,Male,Biology,4,Off-campus,6.45,6.32,1.92,89.1,0.93,1.65,2.3,6.2,Average,7.9
IITB01343,Female,Computer Science,1,Off-campus,7.4,5.82,2.49,87.2,0.26,1.38,0.34,7.2,Good,6.92
IITB01344,Male,Electrical Engineering,3,Off-campus,4.41,8.75,1.98,75.1,5.87,4.95,5.07,6.3,Good,6.25
IITB01345,Male,Biology,4,On-campus,4.87,7.48,4.26,77.4,4.33,2.58,5.91,6.2,Good,5.73
IITB01346,Male,Mechanical Engineering,2,Off-campus,1.49,7.69,8.28,73.9,5.64,1.05,8.31,5.8,Excellent,4.5
IITB01347,Female,Computer Science,1,On-campus,4.79,5.24,7.3,77.2,1.32,3.46,3.1,6.5,Excellent,5.72
IITB01348,Female,Mechanical Engineering,4,On-campus,7.65,5.54,1.73,88.8,1.91,1.37,,7.5,Excellent,7.94
IITB01349,Male,Biology,1,Off-campus,3.99,5.13,5.56,67.2,3.23,3.32,4.6,4.1,Average,4.65
IITB01350,Female,Electrical Engineering,3,Off-campus,7.02,6.77,1.3,83.3,0.42,3.47,1.09,7.5,Good,6.77
IITB01351,Male,Chemical Engineering,2,Off-campus,4.71,7.44,3.35,86.2,5.19,3.97,8.31,5.9,Excellent,5.28
IITB01352,Female,Computer Science,2,Off-campus,2.85,,5.31,75.4,0.58,5.09,6.59,6.8,Average,4.5
IITB01353,Female,Aerospace Engineering,2,On-campus,5.92,6.92,0.67,87.4,1.09,2.22,0,7.9,,7
IITB01354,Male,Computer Science,2,Off-campus,3.11,7.56,3.94,79.5,3.15,5.2,2.49,6.1,Excellent,5.34
IITB01355,Male,Mathematics,1,On-campus,7.17,6.31,1.05,92.4,0.98,1.62,0,8.1,Excellent,7.33
IITB01356,Male,Aerospace Engineering,3,Off-campus,4.98,7.43,4.76,74.7,5.3,5.14,5.57,6.1,Excellent,6.48
IITB01357,Female,Aerospace Engineering,1,On-campus,2.66,7.56,2.17,84.2,5.13,4.43,5.82,5.9,Good,4.62
IITB01358,Female,Mechanical Engineering,1,Off-campus,4.66,6.51,2.75,94.7,4.19,4.47,4.76,5.1,Average,6.36
IITB01359,Male,Computer Science,2,Off-campus,7.04,5.2,2.31,87.4,0.39,1.81,0.25,7,Good,6.8
IITB01360,Male,Computer Science,3,Off-campus,5.92,8.15,3.38,93,4.64,5.18,7.82,5.5,Good,7.94
IITB01361,Male,Chemical Engineering,1,Off-campus,1.22,5.36,5.97,60.6,3.05,0.48,11.44,4.5,Average,4.5
IITB01362,Male,Mechanical Engineering,3,On-campus,7.14,6.2,1.58,84.4,2,2.36,0.99,7,Average,7
IITB01363,Female,Civil Engineering,2,Off-campus,5.6,7.79,3.19,78.5,3.55,3.64,3.52,6.6,Average,6.5
IITB01364,Male,Physics,2,Off-campus,6.85,6.79,0.62,90.5,1.2,2.11,2.4,5.9,Good,7.36
IITB01365,Male,Electrical Engineering,3,Off-campus,6.68,7.2,1.76,89.2,1.32,2.31,1.1,6.7,Average,7.5
IITB01366,Female,Mathematics,4,Off-campus,1.91,6.57,5.9,65.4,3.15,2.94,9.57,4.1,Average,4.5
IITB01367,Male,Chemical Engineering,2,Off-campus,7.14,6.76,0.39,94.7,1.63,5.05,,7.8,Good,9.8
IITB01368,Male,Economics,4,On-campus,4.56,7.43,2.45,78.4,5.21,3.59,3.63,3.2,Good,5.93
IITB01369,Male,Civil Engineering,1,On-campus,2.78,5.48,5.61,61.7,3.25,2.86,5.96,4.9,Good,4.5
IITB01370,Female,Economics,3,Off-campus,6.62,7.11,0.41,86,1.8,2.59,2.13,7.1,Average,7.7
IITB01371,Female,Civil Engineering,3,Off-campus,1.08,5.29,8.46,50.4,5.98,1.76,6.99,6,Good,4.5
IITB01372,Male,Chemical Engineering,3,On-campus,7.29,5.7,1.67,96.9,1.17,1.56,0.35,7.6,Good,8.37
IITB01373,Female,Mechanical Engineering,4,Off-campus,6.58,6.76,1.35,85,1.21,,0.4,6.5,Good,8.46
IITB01374,Female,Civil Engineering,1,On-campus,6.9,6.96,0.52,87.3,0.46,2.71,1.32,5.2,Excellent,7.36
IITB01375,Female,Biology,2,On-campus,2.39,5.88,7.92,66.3,4.94,,10.01,7.6,Poor,4.5
IITB01376,Female,Chemical Engineering,1,On-campus,4.76,7.95,3.56,89.3,3.37,3.57,4.38,6.7,Good,6.28
IITB01377,Male,Civil Engineering,3,On-campus,7.86,5.9,0.83,88.1,0.97,,0,6.3,Average,8.19
IITB01378,Male,Civil Engineering,4,Off-campus,1.85,,6.53,72.2,2.16,1.54,5.73,6.2,Average,4.5
IITB01379,Female,Mathematics,2,Off-campus,5.01,4.32,5.03,73.1,2.9,1.79,0.76,6.7,Average,5.76
IITB01380,Male,Electrical Engineering,2,Off-campus,6.02,6.46,1.34,87.4,1.97,2.42,0.06,6.2,Good,7.59
IITB01381,Male,Civil Engineering,3,Off-campus,6.86,6.33,1.32,100,1.51,1.32,0.61,5.6,Average,8.17
IITB01382,Male,Mechanical Engineering,1,On-campus,2.69,6.8,6.79,52.1,7.58,0.22,3.01,5,Poor,4.5
IITB01383,Female,Mathematics,2,Off-campus,7.79,7.13,2.11,93.5,0.78,2.26,1.76,7.2,Good,7.61
IITB01384,Male,Civil Engineering,2,Off-campus,7.9,,2.28,94.1,1.03,2.25,0.89,7.2,Average,7.74
IITB01385,Male,Economics,2,Off-campus,3.36,5.89,4.76,69.4,1.31,,1.41,6.2,Good,4.5
IITB01386,Male,Chemical Engineering,2,On-campus,4.74,8.75,3.52,78.9,4.39,4.25,9.51,5.4,Good,6.97
IITB01387,Female,Biology,1,Off-campus,6.08,6.31,1.64,99.1,1.45,3.45,0.6,7.7,Average,7.15
IITB01388,Male,Biology,3,Off-campus,2.29,5.41,3.93,62.7,2.53,2.84,4.59,5.8,Poor,4.5
IITB01389,Male,Mechanical Engineering,4,On-campus,0.76,6.3,6.69,57.7,4.39,2.61,9.18,4.8,Poor,4.5
IITB01390,Female,Biology,1,On-campus,6.02,6.77,2.41,89.2,0.29,1.96,2.02,7.3,Good,8.37
IITB01391,Female,Civil Engineering,3,On-campus,8.33,6.5,1.25,93.3,1.26,3.78,0,8.5,Excellent,8.17
IITB01392,Female,Biology,3,On-campus,1.12,,6.72,59.5,4.52,1.03,8.26,6.9,Poor,4.5
IITB01393,Male,Electrical Engineering,4,Off-campus,6.83,6.08,1.1,96.1,0.99,1.91,1.71,6.2,Excellent,7.87
IITB01394,Female,Chemical Engineering,3,Off-campus,1.6,4.92,4.4,48.9,7.67,0.71,3.02,4.4,Good,4.5
IITB01395,Female,Physics,3,Off-campus,6.46,7.4,2.46,87.4,1.11,1.81,1.76,8.6,Poor,6.97
IITB01396,Male,Mechanical Engineering,3,Off-campus,4.73,6.84,3.01,70.9,6.54,,3.7,3.4,Excellent,5.22
IITB01397,Male,Electrical Engineering,1,Off-campus,5.44,6.47,2.82,92.6,3.94,2.3,2.42,6.3,Good,7.23
IITB01398,Male,Computer Science,3,On-campus,2.18,5.87,7.17,61.8,5.55,1.57,,7.4,Excellent,4.5
IITB01399,Female,Mathematics,2,Off-campus,3.42,5,4.97,60,2.58,1.59,2.97,8.1,Average,4.5
IITB01400,Female,Civil Engineering,2,Off-campus,7.4,7.22,2.48,98.3,0.99,1.44,0.66,7.4,Average,7.58
IITB01401,Male,Economics,1,Off-campus,3.85,,3.8,86,4.71,2.79,4.11,6,Excellent,5.23
IITB01402,Male,Economics,2,On-campus,4.72,7.92,2.44,85.2,3.65,3.71,0,6.6,Average,6.19
IITB01403,Female,Economics,1,Off-campus,2.32,7.18,4.59,80.2,4.27,3.96,2.86,6.9,Excellent,4.5
IITB01404,Female,Electrical Engineering,3,On-campus,1.03,7.11,5.7,59.1,8.81,1.79,6.28,7.7,Poor,4.5
IITB01405,Female,Chemical Engineering,4,Off-campus,1.81,5.69,5.61,51.9,4.74,0.71,7.33,4.6,Average,4.5
IITB01406,Female,Economics,1,Off-campus,5.98,4.68,4.6,76.8,2.62,3.66,2.79,5.5,Average,5.09
IITB01407,Male,Aerospace Engineering,1,On-campus,4.2,6.91,3.9,83.5,4.87,2.75,0,3.3,Excellent,6.08
IITB01408,Male,Electrical Engineering,4,Off-campus,6.24,7.24,0.83,87.7,0.82,0.62,1.49,5.8,,8.95
IITB01409,Female,Electrical Engineering,3,Off-campus,5.84,7.14,2.32,79.5,5.69,2.97,5.59,4.8,Good,6.27
IITB01410,Male,Computer Science,4,On-campus,5.55,,2.88,72.5,4.43,4.04,4.25,6.5,Good,5.57
IITB01411,Male,Physics,1,Off-campus,2,3.59,6.77,80.6,4.18,3.46,5.07,4.9,Excellent,4.5
IITB01412,Male,Chemical Engineering,4,On-campus,3.53,5.36,4.93,62.2,5.19,2.32,2.04,4.8,Poor,4.5
IITB01413,Female,Computer Science,4,On-campus,5.4,8.04,3.81,80.8,2.65,4.78,5.91,4,Good,6.89
IITB01414,Male,Economics,1,On-campus,2.23,5.15,2.94,71,4.06,2.27,4.34,4.5,Average,4.5
IITB01415,Male,Economics,1,On-campus,2.69,4.67,6.65,67.5,6.23,1.91,11.47,8.1,Poor,4.5
IITB01416,Female,Chemical Engineering,2,Off-campus,2.37,4.98,4.77,55.5,6.84,0.81,3.15,6.4,Good,4.5
IITB01417,Female,Mechanical Engineering,1,Off-campus,5.01,4.19,6.85,70.1,1.79,1.05,6.51,5.7,Poor,5.05
IITB01418,Female,Economics,4,On-campus,5.36,7.5,2.52,86.1,2.42,,3.5,6.2,,7.76
IITB01419,Female,Mechanical Engineering,2,On-campus,5.49,8.59,4.17,73,2.83,3.49,2.59,6.3,Good,6.62
IITB01420,Male,Civil Engineering,3,On-campus,5.73,6.66,0.83,87.8,0.4,0,2.26,8,Average,6.88
IITB01421,Male,Mathematics,4,Off-campus,1.92,5.35,6.77,64.6,4.35,0.96,,6.5,Average,4.5
IITB01422,Female,Mathematics,2,Off-campus,5.53,6.8,3.17,88.2,3.67,6.26,2.95,3.9,Excellent,7.85
IITB01423,Male,Civil Engineering,3,On-campus,1.46,6.02,4.98,50.6,5.57,,4.13,5.8,Average,4.5
IITB01424,Female,Biology,1,On-campus,3.7,7.68,3.42,85.9,2.71,,8.58,3.6,Average,4.87
IITB01425,Male,Physics,2,On-campus,3.88,6.78,2.25,78.7,2.59,5.28,3.68,3.1,Poor,6.65
IITB01426,Male,Economics,4,On-campus,6.86,6.11,2.2,100,0.56,0,0.88,7.7,Good,8.52
IITB01427,Female,Mathematics,1,On-campus,6.45,7.42,1.34,94.1,1.49,2.88,1.85,6.2,Average,8.51
IITB01428,Female,Civil Engineering,2,Off-campus,1.95,6.1,5.74,66.8,4.35,0.33,,6,Good,4.5
IITB01429,Non-binary,Electrical Engineering,4,On-campus,5.14,8.23,4.39,80.9,4.57,4.36,4.3,5.6,,6.48
IITB01430,Female,Electrical Engineering,3,On-campus,4.88,7.56,3.47,76.4,5.14,5.02,4.67,7,Good,6.46
IITB01431,Female,Economics,3,Off-campus,3.97,6.88,3.67,86.3,1.2,3.67,3.67,5.5,Good,5.69
IITB01432,Female,Economics,4,Off-campus,5.13,,2.16,79.2,5.89,4.61,7.63,6.3,Good,6.5
IITB01433,Female,Computer Science,1,On-campus,5.56,8.56,3.28,75.5,4.84,3.44,5.58,4,Excellent,7
IITB01434,Male,Computer Science,3,On-campus,5.03,7.6,2.97,74.7,5.15,4.3,4.29,5.9,Good,5.55
IITB01435,Female,Civil Engineering,4,Off-campus,6.54,6.7,1.41,96.4,0.69,2.97,1.22,7.1,,7.93
IITB01436,Female,Computer Science,1,Off-campus,6.79,5.85,1.39,99.8,1.2,2.17,1.55,6.5,Good,7.15
IITB01437,Female,Aerospace Engineering,3,On-campus,4.69,7.95,2.34,75.9,5.08,2.74,6.79,3.9,Good,6.21
IITB01438,Female,Computer Science,2,On-campus,3.47,4.55,4.65,65,4.03,1.7,3.73,4.2,Good,4.5
IITB01439,Male,Aerospace Engineering,1,On-campus,2.82,7.95,6.62,44,5.17,1.94,11.8,9.1,Good,4.5
IITB01440,Male,Chemical Engineering,2,Off-campus,7.42,7.8,2.31,90,1.18,2.86,1.89,5.5,,8.46
IITB01441,Male,Computer Science,3,Off-campus,2.35,5.62,5.68,51.6,6.01,0.51,7.73,5.8,Average,4.5
IITB01442,Male,Aerospace Engineering,4,On-campus,3.53,4.61,6.89,81.8,3.65,2.59,,5.2,Average,4.5
IITB01443,Male,Physics,3,On-campus,1.74,5.31,6.42,59.7,7.21,0,10.73,6.1,Good,4.5
IITB01444,Female,Civil Engineering,4,Off-campus,4.6,6.88,2.26,74,3.64,3.52,1.44,8.5,Excellent,6.8
IITB01445,Male,Aerospace Engineering,1,Off-campus,1.59,8.37,7.39,51.7,4.07,0.37,7.39,5.3,Excellent,4.5
IITB01446,Male,Chemical Engineering,1,On-campus,1.14,6.3,6.52,60.2,3.78,1.86,3.17,2.9,Poor,4.5
IITB01447,Non-binary,Biology,4,Off-campus,6.41,6.34,1.34,93.3,0.8,3.19,1.27,8.2,Good,6.98
IITB01448,Male,Electrical Engineering,4,On-campus,1.95,5.28,6.25,67.6,3.77,0.9,8.5,4.8,Poor,4.5
IITB01449,Female,Mechanical Engineering,1,Off-campus,1.32,7.71,6.92,63.2,4.98,1.63,9.7,7.1,Average,4.5
IITB01450,Male,Mechanical Engineering,3,Off-campus,2.99,7.94,5.6,64.6,4.84,1.71,,6.7,Poor,4.5
IITB01451,Female,Biology,2,Off-campus,3.37,5.05,6.17,76.4,3.25,3.29,3.8,6.1,,4.5
IITB01452,Male,Mechanical Engineering,2,Off-campus,4.34,6.36,3.07,77.4,6.08,3.33,0,3.2,Good,5.67
IITB01453,Female,Aerospace Engineering,4,On-campus,6.64,6.54,1.41,89.9,1.7,,1.29,7,Good,7.56
IITB01454,Female,Chemical Engineering,3,Off-campus,7.22,6.01,0.36,90.7,2.11,3.18,,8,Average,6.71
IITB01455,Female,Physics,1,Off-campus,2.37,5.16,4.93,74,8.63,2.66,12.26,6.6,Poor,4.5
IITB01456,Male,Physics,2,Off-campus,3.62,3.85,5.71,88.5,1.75,2.13,6.84,7.8,Good,4.5
IITB01457,Male,Physics,2,On-campus,0.5,4.51,4.84,69.6,4.2,2.08,11.67,5.5,Poor,4.5
IITB01458,Female,Computer Science,4,Off-campus,5.29,7.58,2.19,84.4,1.8,3.38,0.27,3.6,Excellent,7.17
IITB01459,Male,Physics,2,On-campus,3.93,8.67,2.44,79.2,4.28,4.73,6.89,4.5,Good,6.72
IITB01460,Male,Computer Science,4,On-campus,6.54,7.44,1.02,91.8,1.02,2.85,0.78,7,Excellent,7.29
IITB01461,Male,Physics,4,On-campus,7.87,7.41,0,95.7,1.24,1.88,0,8.6,Average,9.02
IITB01462,Male,Aerospace Engineering,1,On-campus,1.98,7,6.54,53.7,4.47,1.45,7.15,9.3,Poor,4.5
IITB01463,Male,Physics,4,Off-campus,2.95,6.87,5.85,80.9,3.83,1.53,7.6,6.8,Good,5
IITB01464,Male,Mechanical Engineering,2,On-campus,3.11,7.45,1.75,87.8,2.36,5.58,1.31,7.7,Excellent,4.85
IITB01465,Male,Mechanical Engineering,1,On-campus,8.05,6.27,1.65,98.5,1.35,0.41,0.72,7.5,Average,8.99
IITB01466,Male,Physics,2,Off-campus,7.32,6.54,1.34,89.2,0.61,0.97,0.3,7.7,Average,7.9
IITB01467,Male,Electrical Engineering,4,Off-campus,4.52,8.08,3.13,84.7,5,6.43,2.83,4.5,Excellent,6.63
IITB01468,Female,Chemical Engineering,2,Off-campus,3.01,7.43,3.64,81.6,3.55,3.31,,4.8,Average,6.72
IITB01469,Female,Aerospace Engineering,3,On-campus,5.58,7.33,3.95,71.7,3.24,5.62,7.12,5.5,Good,6.14
IITB01470,Male,Mechanical Engineering,2,On-campus,3.73,7.17,2.69,72,3.33,4.98,4.94,2.7,Excellent,5.87
IITB01471,Female,Chemical Engineering,2,Off-campus,6.58,6.59,0.96,88.7,0.93,,1.35,6.2,Excellent,7.56
IITB01472,Female,Mechanical Engineering,4,On-campus,3.78,5.03,6.22,61.2,3.6,2.52,3.27,4,Average,4.5
IITB01473,Female,Electrical Engineering,4,On-campus,7.9,6.85,1.33,92.2,1.19,3.85,0,9.7,Excellent,8.25
IITB01474,Non-binary,Civil Engineering,1,Off-campus,6.47,7.08,2.43,75.5,3.54,3.09,3.98,6.2,Good,6.51
IITB01475,Male,Chemical Engineering,1,On-campus,4.5,4.54,5.49,74.4,3.14,0.44,5.46,8.3,Poor,4.5
IITB01476,Female,Physics,2,Off-campus,2.77,6.54,4.26,65.6,0.76,4.33,5.99,7.3,Good,4.5
IITB01477,Female,Electrical Engineering,2,Off-campus,5.65,4.12,5.11,65.1,3.92,2.17,5.15,7.5,Average,4.5
IITB01478,Male,Mechanical Engineering,4,On-campus,0.5,6.05,6.47,63.8,3.78,2.45,7.89,4.4,,4.5
IITB01479,Female,Mechanical Engineering,1,On-campus,2.92,6.08,7.95,59.7,5.97,1.83,7.18,7.6,Excellent,4.5
IITB01480,Male,Physics,4,On-campus,2.32,6.59,6.08,56.8,6.41,2.6,5.01,4.8,Poor,4.5
IITB01481,Male,Computer Science,3,On-campus,11.18165691,5.33,1.9,75.9,0.14,1.57,1.81,7.8,Good,6.59
IITB01482,Male,Mathematics,2,Off-campus,7.87,5.22,2.55,88.2,0.76,1.71,1.82,7.6,,7.49
IITB01483,Female,Economics,2,Off-campus,5.73,7.59,3.86,82.9,4.18,5.18,2.59,3.5,Good,6.24
IITB01484,Female,Mathematics,1,Off-campus,3.46,7.85,2.77,75.9,4.78,4.13,4.41,4.3,Good,5.09
IITB01485,Female,Civil Engineering,1,On-campus,7.7,5.62,0.78,90.9,0.96,2.36,0.91,6.9,Good,7.91
IITB01486,Male,Mathematics,3,On-campus,5.51,6.84,0.94,100,0.86,2.89,0.82,7,Excellent,7.26
IITB01487,Male,Computer Science,2,Off-campus,5.3,,2.64,83.9,5.46,3.47,6.26,5.2,Excellent,6.3
IITB01488,Male,Economics,3,Off-campus,5.75,6.86,1.72,87,1.18,1.44,2.43,8.2,Good,6.74
IITB01489,Female,Aerospace Engineering,2,On-campus,4.47,8.73,4.48,88.5,1.58,4.6,6.24,5.1,Good,5.64
IITB01490,Female,Aerospace Engineering,1,Off-campus,2.56,4.79,5.28,56.5,3.65,4.57,2.75,6.4,Average,4.5
IITB01491,Female,Mechanical Engineering,2,On-campus,1.46,7.25,5.23,60.7,5.21,,,5.9,Average,4.5
IITB01492,Non-binary,Biology,3,On-campus,1.7,6.98,7.96,72.2,8.19,0,8.39,7.1,Poor,4.5
IITB01493,Female,Computer Science,2,On-campus,6.54,6.52,1.66,94.1,0.97,0.69,0.7,6.7,Good,8.02
IITB01494,Male,Physics,3,Off-campus,5.36,6.16,2.86,81.9,4.59,3.23,8.46,6.3,Good,5.93
IITB01495,Male,Computer Science,1,Off-campus,7.14,5.37,0.87,84.9,1.67,1.55,1.39,8.2,Good,6.89
IITB01496,Male,Economics,1,Off-campus,3.73,8.02,4.09,81,3.03,3.39,2.28,4.2,Excellent,6.1
IITB01497,Male,Mechanical Engineering,2,On-campus,5.51,6.69,2.3,86,4.51,3.74,5.74,6,Good,6.56
IITB01498,Female,Civil Engineering,2,Off-campus,3.72,4.57,6.5,71.7,1.37,2.44,7.44,6.6,Average,4.5
IITB01499,Male,Physics,3,On-campus,2.49,4.28,7,78.9,2.79,3.18,3.67,4.3,Good,4.5
IITB01500,Female,Civil Engineering,2,On-campus,2.28,5.94,8.46,71.5,7.5,2.18,6.28,5.7,Average,4.5
IITB01501,Female,Economics,1,On-campus,6.45,6.59,0.5,91.8,0.71,3.47,2.95,10,Poor,7.99
IITB01502,Female,Biology,3,Off-campus,5.42,8.1,2.01,82.3,4.06,3.7,4.41,6.5,,6.89
IITB01503,Male,Chemical Engineering,2,Off-campus,4.34,4.5,4.6,70.2,2.7,2.48,7.43,6.4,Average,4.5
IITB01504,Male,Computer Science,2,On-campus,3.17,7.05,4.87,69.3,2.59,1.44,8.38,4.8,Good,4.68
IITB01505,Female,Economics,4,On-campus,4.31,5.05,4.34,67.6,2.84,2.94,8.23,5.9,Good,4.96
IITB01506,Female,Electrical Engineering,1,Off-campus,3.59,5.3,10.65345833,65.8,6.08,1.18,,5.9,Poor,4.5
IITB01507,Female,Physics,4,On-campus,5.18,7.79,2.83,86.9,4.22,3.65,,3.6,Average,7.36
IITB01508,Female,Physics,2,Off-campus,4.26,,6.5,63.1,3.66,2.37,6.22,7.8,Average,4.5
IITB01509,Male,Mathematics,2,Off-campus,1.6,6.86,7.25,58.9,5.08,,9.77,3.7,Poor,4.5
IITB01510,Male,Biology,4,Off-campus,5.91,6.96,2.98,74.8,4.5,4.39,5.23,4.8,Average,7.33
IITB01511,Female,Computer Science,3,Off-campus,3.3,7.48,3.27,90.7,2.97,2.57,4.68,5.4,Average,5.43
IITB01512,Male,Aerospace Engineering,1,Off-campus,4.97,7.96,1.9,78.6,2.21,3.02,5.06,3.4,Good,5.69
IITB01513,Female,Economics,3,On-campus,6.93,,0.92,91.7,0.43,2.47,1.84,7.6,Average,7.7
IITB01514,Female,Chemical Engineering,2,On-campus,4.67,,3.39,81.2,4,1.71,0,4.6,Good,5.61
IITB01515,Male,Physics,2,On-campus,2.93,6.44,4.38,72.4,5.35,1.65,7.85,7.4,Poor,4.5
IITB01516,Male,Economics,3,Off-campus,7.89,7.16,2.14,94,0.56,,1.43,6.4,Excellent,8.63
IITB01517,Female,Economics,2,Off-campus,6.43,6.23,1.68,89.7,1.08,1.71,0.93,6,Excellent,7.26
IITB01518,Female,Mathematics,1,On-campus,2.33,4.52,4.46,83,0.44,3.49,4.68,5.7,Average,4.5
IITB01519,Female,Mathematics,2,Off-campus,6.78,6.19,1.08,96.5,1.58,2.58,0.92,7.4,Poor,8.63
IITB01520,Male,Computer Science,1,On-campus,4.11,7,4.42,85.7,5.89,2.58,4.46,2.6,Average,5.4
IITB01521,Male,Economics,2,Off-campus,0.5,6.77,6.91,58.1,4.81,0.67,8.97,7.8,Poor,4.5
IITB01522,Non-binary,Mechanical Engineering,2,On-campus,3.09,5.69,7.51,72.5,1.35,2.33,10.64,5.8,Average,4.5
IITB01523,Male,Chemical Engineering,3,Off-campus,4.39,8.28,2.73,81.8,1.74,2.85,3.75,5.9,Good,6.45
IITB01524,Male,Civil Engineering,2,On-campus,1.95,7.94,2.57,84,3.72,4.09,9.78,8.8,Good,5.44
IITB01525,Male,Aerospace Engineering,1,Off-campus,1.93,7.06,6.29,61.8,3.5,1.21,8.4,6.9,Poor,4.5
IITB01526,Male,Mechanical Engineering,4,On-campus,3.44,6.15,5.56,66.8,2.65,4.13,11.8,4.6,Good,4.5
IITB01527,Male,Aerospace Engineering,3,On-campus,7.42,6.46,1.06,91.5,0.43,2.5,0,8.1,Average,7.91
IITB01528,Female,Chemical Engineering,2,Off-campus,3.05,3.21,8.15,57.6,3.78,2.33,8.47,8.4,Poor,4.5
IITB01529,Non-binary,Mechanical Engineering,4,Off-campus,7.98,5.36,1.67,83.7,0.3,1.51,0,6.2,Good,7.09
IITB01530,Male,Biology,4,Off-campus,3.08,6.03,7.6,75.4,7.53,2.58,5.7,7.2,Poor,4.5
IITB01531,Male,Biology,1,Off-campus,6.93,7.12,2.23,93.1,0.28,2.91,0,8,Good,7.67
IITB01532,Female,Physics,3,Off-campus,2.06,6.98,6.89,83.7,6,0.9,11.92,4.9,Excellent,4.53
IITB01533,Male,Mechanical Engineering,3,Off-campus,4.93,7.11,2.86,92.8,4.32,4.78,2.83,4,Excellent,6.07
IITB01534,Non-binary,Chemical Engineering,1,Off-campus,3.32,4.09,5.08,67,3.3,2.98,6.01,5.2,Poor,4.5
IITB01535,Male,Economics,1,Off-campus,6.39,7.44,3.41,77.2,3.44,,6.99,4.4,Good,6.48
IITB01536,Male,Biology,3,Off-campus,6.74,7.72,2,97.7,1.49,2.44,1.07,7.2,Good,8.14
IITB01537,Female,Mechanical Engineering,2,Off-campus,6.56,7.94,1.81,86.1,0.63,2.72,1.27,8.6,Excellent,7.23
IITB01538,Female,Chemical Engineering,4,Off-campus,1.43,5.87,5.17,72,6.39,0.79,6.94,8.2,Excellent,4.5
IITB01539,Male,Electrical Engineering,1,Off-campus,5.94,7.68,3.13,80.2,3.44,4.21,5.39,5.1,Average,6.91
IITB01540,Male,Electrical Engineering,4,On-campus,6.9,6.56,0,100,0.78,1.68,0.5,7.2,Excellent,8.96
IITB01541,Male,Electrical Engineering,4,Off-campus,4.12,7.65,3.13,88.8,3.01,4.13,3.35,5.4,Average,6.01
IITB01542,Male,Physics,3,On-campus,6.85,6.84,1.7,95.8,0.7,2.3,1.41,6.7,Average,7.61
IITB01543,Male,Mechanical Engineering,1,On-campus,5.23,7.43,2.44,80.9,2.69,1.88,5.9,4.7,Good,7.18
IITB01544,Female,Aerospace Engineering,3,Off-campus,6.53,5.99,1.54,92,1.04,3.37,0,6.4,,8.19
IITB01545,Male,Chemical Engineering,2,Off-campus,4.31,5.98,5.68,75.9,4.05,2.93,4.48,6.7,Good,4.55
IITB01546,Male,Economics,3,On-campus,5.89,7.92,2.76,84.8,4.81,,0,4.2,Good,7.55
IITB01547,Female,Chemical Engineering,2,On-campus,2.88,4.53,6.63,71.8,1.57,4.33,7.85,6.8,Good,4.5
IITB01548,Male,Electrical Engineering,4,On-campus,1.09,5.74,8.2,68.1,6.94,1.41,5.07,5.5,Excellent,4.5
IITB01549,Female,Physics,1,On-campus,7.87,6.31,2.46,100,1.89,2.26,1.54,7.8,Excellent,8.67
IITB01550,Female,Electrical Engineering,3,On-campus,5.32,6.82,2.16,92.3,1.16,2.48,2.8,7.6,Average,6.54
IITB01551,Male,Economics,4,On-campus,3.23,7.06,2.44,83.1,3.59,3.4,2.14,4,Excellent,6.25
IITB01552,Female,Electrical Engineering,3,On-campus,1.52,4.49,6.99,57.6,6.46,0.78,9.12,4.5,Average,4.5
IITB01553,Male,Mathematics,1,Off-campus,7.32,6.43,1.57,92.5,2.22,2.59,0.92,8.2,Good,7.73
IITB01554,Female,Civil Engineering,2,On-campus,2.82,6.86,6.05,77.1,1.52,2.6,4.92,8.3,Poor,4.5
IITB01555,Female,Civil Engineering,2,On-campus,2.41,4.7,6.83,81.1,2.43,1.13,8.36,4.7,Good,4.5
IITB01556,Female,Economics,2,Off-campus,4.3,6.8,3.55,80.5,5.48,3.89,4.5,7.3,Excellent,4.67
IITB01557,Male,Civil Engineering,1,Off-campus,2.13,7.71,2.64,74.2,4.79,5.76,5.87,5.6,Excellent,4.84
IITB01558,Male,Economics,1,On-campus,7.86,7.06,2.29,94,0.96,1.88,1.04,7.8,Excellent,7.62
IITB01559,Male,Biology,3,On-campus,2.33,8.14,4.81,90.5,3.42,4.79,0,5.8,Average,4.5
IITB01560,Female,Economics,1,Off-campus,7.44,6.54,0.93,87.1,1.19,1.71,0.91,6.7,Average,8.29
IITB01561,Female,Civil Engineering,4,On-campus,4.25,,5.56,77.7,5.13,2,10.9,6.5,Average,5.52
IITB01562,Male,Chemical Engineering,2,Off-campus,3.35,4.86,5.9,67.7,1.29,1.64,3.58,6.3,Average,4.5
IITB01563,Male,Physics,3,On-campus,1.6,5.02,5.57,69.1,5.68,2.93,7.5,6.1,Poor,4.5
IITB01564,Female,Biology,1,Off-campus,6.32,6.58,1.77,65.4,3.3,4.78,3.99,3.7,Average,6.62
IITB01565,Male,Chemical Engineering,4,Off-campus,4.69,7.23,3.07,74.6,3.53,3.48,6.18,5.8,Excellent,5.6
IITB01566,Male,Electrical Engineering,1,On-campus,0.61,5.93,6.35,65.9,6.37,0,4.06,5.6,Good,4.5
IITB01567,Male,Mathematics,1,On-campus,3.85,8.03,2.81,86.6,4.25,2.96,3.61,5.8,Average,6.1
IITB01568,Male,Physics,1,Off-campus,4.61,7.78,1.35,92.3,3.59,3.82,6.95,5,Average,6.88
IITB01569,Non-binary,Mechanical Engineering,1,On-campus,2.86,,5.81,74.1,3.11,1.79,0,5.7,Average,4.5
IITB01570,Non-binary,Economics,2,On-campus,6.14,6.67,1.65,97.6,1.39,0.58,1.68,7.3,Good,8.02
IITB01571,Male,Mechanical Engineering,4,On-campus,7.53,5.8,1.84,92.5,1.06,2.75,0.64,6.5,Good,8.55
IITB01572,Non-binary,Aerospace Engineering,2,Off-campus,1.5,4.74,5.6,47.7,6.04,1.97,9.13,5,Poor,4.5
IITB01573,Male,Civil Engineering,3,Off-campus,8.3,6.27,1.52,86,1.18,1.76,0.27,8.5,Good,7.8
IITB01574,Female,Biology,3,On-campus,2.55,6.64,2.47,84.9,2.28,,0,4,Average,5.05
IITB01575,Male,Civil Engineering,4,Off-campus,0.88,5.21,4.15,77.2,0.85,1.35,3.4,6.2,Excellent,4.5
IITB01576,Female,Electrical Engineering,1,Off-campus,7.8,5.64,2.03,96.5,1.38,2.63,1.75,7.9,Excellent,8.06
IITB01577,Male,Biology,1,Off-campus,3.28,7.35,3.46,67.4,3.92,3.65,6.53,6,Excellent,4.5
IITB01578,Male,Aerospace Engineering,1,Off-campus,5.1,7.52,3.43,85.9,5.6,5.38,4.82,3.4,Average,6.51
IITB01579,Female,Economics,2,Off-campus,1.56,3.99,4.16,66.1,7.21,1.49,5.91,5.5,Average,4.5
IITB01580,Male,Civil Engineering,2,Off-campus,2.45,6.9,2.47,76.7,5.88,4.3,6.84,5.3,Average,4.5
IITB01581,Non-binary,Physics,2,On-campus,7.28,5.34,2.7,98.9,1.08,1.9,3.29,7.3,Good,6.83
IITB01582,Male,Physics,1,Off-campus,3.76,5.58,5.68,81.2,2.37,1.95,,5.6,,4.55
IITB01583,Male,Electrical Engineering,3,On-campus,1.38,7.4,8.73,63.9,7.32,,7.5,6.7,,4.5
IITB01584,Female,Biology,2,Off-campus,4.84,5.18,5.96,71.8,2.84,1.7,5.95,5.4,Good,4.5
IITB01585,Female,Physics,2,On-campus,3.78,7.51,3.77,75.9,5.42,,2.86,3.9,Good,5.37
IITB01586,Male,Chemical Engineering,1,Off-campus,6,5.8,2.76,77.2,1.46,4.04,3.71,4.7,Excellent,6.5
IITB01587,Male,Electrical Engineering,3,On-campus,1.46,6.32,7.61,63.3,4.72,0.48,8.68,6.8,Average,4.5
IITB01588,Female,Aerospace Engineering,3,On-campus,8.03,6.91,1.31,89,0.34,1.75,,7.4,Average,8.2
IITB01589,Male,Computer Science,3,On-campus,6.79,6.97,1.25,91.5,1.56,1.21,0,6.3,Good,7.8
IITB01590,Male,Mathematics,4,Off-campus,7.1,6.26,0.81,75.7,0.63,,1.23,7.7,Excellent,6.74
IITB01591,Female,Civil Engineering,3,On-campus,3.47,5.55,5.72,61.5,3.04,2.53,3,5.4,Good,4.93
IITB01592,Female,Mathematics,1,Off-campus,2.49,5.7,7.1,58.1,6.24,0.48,6.02,8.1,Average,4.5
IITB01593,Non-binary,Chemical Engineering,1,On-campus,2.57,4.35,7.09,60,6.28,1.26,10.34,6,Good,4.5
IITB01594,Female,Computer Science,4,Off-campus,3.25,4.3,4.86,78.9,5.67,3.74,3.97,6.2,,5.08
IITB01595,Male,Chemical Engineering,4,On-campus,8.24,7.5,2.2,93.1,0.71,1.69,2.34,8,Excellent,8.78
IITB01596,Male,Civil Engineering,4,On-campus,4.8,7.21,2.19,82.4,5.11,3.32,3.02,2.8,Average,6.66
IITB01597,Male,Computer Science,3,Off-campus,0.92,6.09,7.65,67,4.3,0.74,11.28,6.3,Average,4.5
IITB01598,Male,Aerospace Engineering,1,On-campus,3.36,7.34,5.93,62.1,6.9,0.71,9.37,7.2,Poor,4.68
IITB01599,Male,Electrical Engineering,4,On-campus,1.31,6.07,5.72,65.9,4.58,0.27,13.22,7.6,Average,4.5
IITB01600,Female,Biology,1,Off-campus,7.14,6.94,1.1,92.4,1.05,1.85,2.12,9.3,Average,7.5
IITB01601,Female,Computer Science,2,Off-campus,6.44,6.06,2.14,95.7,1.08,2.16,0.94,8.7,Average,7.13
IITB01602,Female,Aerospace Engineering,2,Off-campus,3.33,7.24,3.51,82.4,5.29,2.51,3.3,4,Average,4.68
IITB01603,Female,Civil Engineering,3,Off-campus,5.92,7.88,3.91,93.1,2.95,4.06,8.91,6.5,Good,7.49
IITB01604,Male,Economics,2,Off-campus,2.42,5.28,9.62,71.2,6.49,1.94,8.44,4.8,Poor,4.5
IITB01605,Female,Chemical Engineering,2,On-campus,2.78,3,5.75,72,2.02,,2.32,4.6,Good,4.5
IITB01606,Female,Aerospace Engineering,3,Off-campus,7.05,7.06,0.22,91.7,1.1,2.3,0.76,7,Average,7.65
IITB01607,Female,Mathematics,2,Off-campus,7.9,5.68,1.38,93.9,0.81,1.16,1.31,7.8,Good,7.94
IITB01608,Male,Electrical Engineering,1,On-campus,1.62,6.1,5.37,53,6.44,0.23,8.81,5.8,Poor,4.5
IITB01609,Female,Civil Engineering,3,Off-campus,0.86,3.52,7.29,66.5,6.74,2.02,11.41,5.9,Poor,4.5
IITB01610,Female,Civil Engineering,4,On-campus,6.07,5.64,1.65,94.4,0.98,1.47,1.32,7.6,Excellent,7.62
IITB01611,Male,Computer Science,2,Off-campus,5.06,6.44,4.5,87.4,3.64,3.21,3.86,5.5,Excellent,5.32
IITB01612,Male,Economics,3,On-campus,2.41,5.5,7.06,71.6,4.42,0.58,11.87,4.2,Good,4.5
IITB01613,Female,Mechanical Engineering,2,On-campus,2.78,6.01,5.91,59,4.61,1.78,6.34,8.2,Average,4.5
IITB01614,Female,Civil Engineering,1,Off-campus,1.7,5.53,8.34,65.8,6.11,,6.78,7.1,Poor,4.5
IITB01615,Female,Electrical Engineering,2,On-campus,2.95,7.53,6.03,67.6,6.49,2.09,5.7,8.4,Poor,4.5
IITB01616,Male,Aerospace Engineering,1,On-campus,2.53,5.7,6.36,63,3.11,1.79,4.3,3.7,,4.5
IITB01617,Male,Chemical Engineering,3,On-campus,3.04,,3,84.7,2.55,3.32,5.44,5.9,Excellent,5.66
IITB01618,Male,Chemical Engineering,2,On-campus,3.4,5.93,6.66,69.4,4.82,3.04,4.74,5.1,Excellent,4.5
IITB01619,Male,Mechanical Engineering,1,On-campus,7.31,6.03,1.48,92.5,0.82,1.25,,8.1,Average,8.25
IITB01620,Female,Economics,3,Off-campus,2.19,6.01,5.46,71.7,3.32,2.92,0.96,7.2,Average,4.5
IITB01621,Female,Computer Science,4,On-campus,7.44,6.96,2.26,87.8,1.32,2.22,2.84,7.8,Average,8.38
IITB01622,Female,Electrical Engineering,2,Off-campus,3.34,3.7,4.87,70.8,0.17,2.11,6.26,7.1,Good,4.5
IITB01623,Non-binary,Computer Science,4,Off-campus,6.24,7.48,2.06,89,0.47,1.44,1.5,7.1,Average,7.97
IITB01624,Male,Physics,4,Off-campus,6.3,5.81,1.33,100,2.07,2.34,0.78,6.5,Good,7.15
IITB01625,Male,Civil Engineering,4,On-campus,4.43,7.44,3.54,72.5,2.87,3.66,10.42,4.8,Excellent,6.56
IITB01626,Male,Aerospace Engineering,4,Off-campus,7.78,5.7,1.36,92.3,1.36,2.81,0.61,6.4,Good,7.61
IITB01627,Female,Computer Science,2,Off-campus,3.24,4.99,6.4,82.9,1.38,1.3,4.08,6.1,Poor,4.5
IITB01628,Male,Mathematics,2,On-campus,3.19,3.94,6.15,78.1,1.29,1,7.31,7.1,Poor,4.5
IITB01629,Female,Biology,4,Off-campus,4.83,7.73,3.27,85.9,5.11,6.21,3.51,6.2,Excellent,6.02
IITB01630,Male,Chemical Engineering,2,On-campus,4.18,6.09,4.8,64.9,2.1,2.69,5.44,6,Average,5.7
IITB01631,Male,Mathematics,1,On-campus,4.8,7.49,4.11,90,4.52,3.7,0.9,5.3,Excellent,6.65
IITB01632,Male,Civil Engineering,1,On-campus,4.12,8.09,3.11,84,4.66,3.97,1.77,6.5,Average,6.28
IITB01633,Male,Civil Engineering,3,Off-campus,2.17,5.22,6.15,67,4.54,0.33,7.63,5.1,Good,4.5
IITB01634,Female,Civil Engineering,2,Off-campus,1.76,4.19,4.61,78.2,0.78,3.73,5.77,7.3,Good,4.5
IITB01635,Female,Chemical Engineering,1,On-campus,6.87,6.66,1.24,93.3,0.79,2.23,1.77,7.6,Excellent,7.04
IITB01636,Male,Economics,4,On-campus,6.22,5.95,1.87,94.9,1.59,2.33,0,9.3,Average,6.98
IITB01637,Female,Civil Engineering,2,Off-campus,4.1,4.79,5.37,67.3,1.89,1.61,4.08,6.5,Average,4.5
IITB01638,Female,Mathematics,3,On-campus,4.99,7.19,2.2,93.8,3.77,,3.14,3.1,Average,7.17
IITB01639,Male,Biology,1,Off-campus,1.93,5.48,5.69,71,2.62,2.93,8.62,4.1,Excellent,4.5
IITB01640,Male,Physics,1,Off-campus,4.52,6.61,2.35,69,2.85,3.51,0.12,5.2,Average,4.94
IITB01641,Female,Civil Engineering,1,Off-campus,6.25,6.06,2.04,96.7,1.39,3.14,2.44,7.8,Average,6.75
IITB01642,Male,Chemical Engineering,2,Off-campus,8.12,5.94,1.25,95.3,1.19,1.81,0.34,9.5,Average,8.16
IITB01643,Male,Economics,3,Off-campus,2.33,6.35,7.9,82.5,3.94,1.2,2.92,6.4,Good,4.67
IITB01644,Male,Civil Engineering,3,Off-campus,3.63,7.55,3.27,75.8,3.17,3.63,4.29,4.3,,5.17
IITB01645,Female,Civil Engineering,1,On-campus,5.25,8.08,2.8,83.2,3.16,1.85,3.45,5.1,,6.25
IITB01646,Female,Mathematics,4,On-campus,2.92,3.96,4.2,76.7,0.87,2.79,10.02,6.1,Average,4.5
IITB01647,Female,Physics,1,On-campus,3.24,4.97,5.05,65.7,2.86,5.29,5.21,4.8,Excellent,4.5
IITB01648,Female,Computer Science,1,Off-campus,0.62,6.2,6.95,56.6,5.84,1.85,6.68,5.9,Poor,4.5
IITB01649,Non-binary,Biology,4,On-campus,3.93,4.6,5.63,74,1.18,2.7,,7,Good,4.5
IITB01650,Female,Chemical Engineering,1,On-campus,11.04890218,6.09,1.51,84.1,0.22,,1.78,7.7,Good,5.89
IITB01651,Male,Aerospace Engineering,3,On-campus,3.65,4.43,4.83,71.4,1.45,2.86,6.91,6.9,Average,4.5
IITB01652,Female,Electrical Engineering,1,On-campus,3.18,6.38,4.6,75.7,3.67,,7.99,5.7,Poor,4.5
IITB01653,Male,Chemical Engineering,1,Off-campus,4.31,7.84,3.61,79.3,3.39,2.85,5.29,5.8,Poor,7.3
IITB01654,Female,Economics,3,On-campus,3.16,,5.57,61.6,1.61,1.73,3.16,5.9,Average,4.5
IITB01655,Female,Physics,1,On-campus,1.86,4.62,5.29,73.4,2.63,1.77,3.35,7.4,Poor,4.5
IITB01656,Female,Economics,1,On-campus,1.35,8.09,5.53,56.4,6.65,2.47,7.95,8.9,Average,4.5
IITB01657,Male,Chemical Engineering,2,On-campus,4.4,,6.31,67,2.59,2.47,5.9,4.9,Poor,4.5
IITB01658,Female,Civil Engineering,2,On-campus,7.6,6.57,2.38,92.3,0.39,1.81,0.89,8.7,Average,7.61
IITB01659,Male,Aerospace Engineering,4,Off-campus,5.78,4.88,5.83,70.6,1.95,3.95,3.05,6.2,Good,5.4
IITB01660,Male,Mechanical Engineering,4,On-campus,7.64,7.01,1.42,88.9,1.96,1.27,2.09,8.3,Excellent,7.3
IITB01661,Male,Electrical Engineering,3,On-campus,3.16,5.71,5.1,60.4,3.96,0.53,7.44,6.3,Excellent,4.5
IITB01662,Female,Biology,2,Off-campus,6.01,4.88,5.98,77.4,3,1.36,0.01,4.6,Good,6.85
IITB01663,Male,Computer Science,2,Off-campus,2.43,,6.99,56.6,6.42,1.13,4.76,7.2,Good,4.5
IITB01664,Male,Aerospace Engineering,3,Off-campus,7.19,5.96,0.91,92.1,1.66,1.87,0,8.4,Excellent,7.96
IITB01665,Female,Electrical Engineering,1,On-campus,6.37,7.07,1.49,85.3,0.69,1.48,1.87,8.9,Good,6.57
IITB01666,Male,Physics,2,Off-campus,1.85,6.88,5.58,48.7,5.01,2.23,7.51,5.3,Poor,4.5
IITB01667,Female,Physics,4,On-campus,6.01,6.95,1.25,95,0.89,2.25,0.59,7.6,Average,7.58
IITB01668,Male,Computer Science,2,Off-campus,3.29,7.07,2.99,72.4,3.59,4.96,7.8,6.8,,6.02
IITB01669,Female,Economics,3,Off-campus,3.06,6.97,2.84,89.8,4.63,3.09,7.02,7,Excellent,6.45
IITB01670,Male,Civil Engineering,1,Off-campus,3.15,5.79,8.27,70.4,5.63,1.81,6.23,7.3,Average,4.5
IITB01671,Male,Mathematics,3,On-campus,0.5,3.98,6.1,62.9,5.94,1.48,6.02,6.8,Average,4.5
IITB01672,Female,Aerospace Engineering,1,On-campus,1.56,,5.72,61.9,3.97,2.06,5.59,9.1,Poor,4.5
IITB01673,Female,Biology,4,Off-campus,1.3,7.7,6.96,53.4,6.54,1.57,14.29,7.9,Poor,4.5
IITB01674,Female,Electrical Engineering,1,Off-campus,5.77,7.42,0.7,94.2,1.31,2.96,2.61,7.3,Good,7.74
IITB01675,Male,Mathematics,4,On-campus,7.21,,1.25,86.6,1.86,2.73,3.07,7.4,Good,7.96
IITB01676,Male,Computer Science,2,On-campus,8.17,6.81,1.06,91,0.95,3.09,0.4,8.9,Good,7.59
IITB01677,Female,Mechanical Engineering,3,Off-campus,3.08,6.83,3.75,73.1,2.35,2.89,3.02,3.9,,5.09
IITB01678,Male,Civil Engineering,4,Off-campus,4.57,3.89,6.38,61.8,4.25,2.09,8.09,4.6,Good,4.5
IITB01679,Female,Mechanical Engineering,1,Off-campus,7,7.78,2.01,95.4,1.15,2.66,3.32,8.2,Excellent,8.31
IITB01680,Male,Economics,1,On-campus,2.16,8.03,4.76,60,3.52,2.01,2.73,8.5,Good,4.5
IITB01681,Male,Mathematics,4,On-campus,2.78,,3.62,74.1,1.55,3.48,4.51,6.2,Poor,4.5
IITB01682,Female,Mechanical Engineering,2,On-campus,2.5,4.88,5.55,48.1,5.39,2.4,8.02,6.3,Average,4.5
IITB01683,Female,Mathematics,3,Off-campus,5.47,5.89,2.17,91.3,0.57,1.84,1.5,7,Average,6.97
IITB01684,Male,Electrical Engineering,1,On-campus,0.6,5.47,5.89,73.5,3.68,3.7,0.67,5.2,Average,4.5
IITB01685,Female,Mechanical Engineering,3,Off-campus,7.88,6.77,2.6,94.9,0,0.1,2.04,6.6,Good,9.57
IITB01686,Female,Mathematics,1,On-campus,3.11,7.74,3.05,88.6,2.05,5.38,2.04,5.3,Average,5.82
IITB01687,Female,Aerospace Engineering,3,On-campus,2.83,7.08,5.93,70.2,4.73,1.34,9.65,8,Good,4.5
IITB01688,Female,Chemical Engineering,2,Off-campus,4.99,7.8,3.43,80.3,4.22,5.82,3.97,5.8,Good,6.25
IITB01689,Female,Biology,2,Off-campus,6.87,,4.55,81.2,3.92,3.26,4.19,4.4,Excellent,6.54
IITB01690,Male,Economics,1,On-campus,2.09,7.26,4.96,56.4,5.44,0.56,4.68,3.2,Poor,4.5
IITB01691,Female,Physics,3,On-campus,2.12,6.65,6.12,56.1,6.28,1.01,8.81,8.5,Poor,4.5
IITB01692,Female,Civil Engineering,2,Off-campus,2.95,6.4,5.41,68,5.33,,8.83,6.9,Average,4.5
IITB01693,Male,Mechanical Engineering,2,Off-campus,2.93,5.88,6.1,61,7.23,1.62,6.9,7.3,Average,4.5
IITB01694,Male,Physics,3,Off-campus,1.24,5.57,4.62,68.6,1.51,1.47,6.37,8.7,Average,4.5
IITB01695,Female,Biology,1,On-campus,4.14,8.16,1.52,87.1,3.94,4.29,,3.9,Excellent,6.78
IITB01696,Male,Chemical Engineering,4,Off-campus,2.52,5.46,5.64,56.3,3.86,0.72,,5.6,Average,4.5
IITB01697,Male,Mathematics,3,Off-campus,1.38,7.26,4.59,87.5,3.72,4.15,0,6.2,Good,4.5
IITB01698,Male,Mathematics,3,Off-campus,4.87,7.96,4.64,79,4.55,3.7,6.94,3.6,Excellent,6.24
IITB01699,Male,Mathematics,1,Off-campus,7.09,,2.05,96.1,1.3,0,0.89,6.5,Good,8.76
IITB01700,Female,Biology,3,Off-campus,2.93,5.81,7.45,71.7,3.74,1.93,,7.5,Average,4.5
IITB01701,Male,Electrical Engineering,1,On-campus,1,5.65,6.07,45.9,7.03,2.01,7.96,5.6,Average,4.5
IITB01702,Male,Economics,4,Off-campus,5.45,7.08,4.51,74.6,2.79,3.12,1.98,5.7,Good,5.76
IITB01703,Male,Electrical Engineering,2,Off-campus,2.57,5.31,7.85,61.1,7.46,1.93,3.26,5.9,Poor,4.5
IITB01704,Male,Computer Science,1,On-campus,4.44,5.27,5.02,76.5,2.84,2.85,5.39,6,Average,5.03
IITB01705,Male,Aerospace Engineering,1,Off-campus,5.14,,3.94,85.6,2.6,3.79,,5.8,Good,6.07
IITB01706,Male,Physics,4,On-campus,6.79,5.93,1.76,94,0.91,2.33,2.02,8.3,,7.5
IITB01707,Male,Electrical Engineering,3,On-campus,8.38,6.22,1.89,96.9,0.22,2.07,1.3,7.9,Excellent,9.28
IITB01708,Male,Chemical Engineering,1,On-campus,1.7,5.07,7.7,70.4,5.42,1.27,4.85,5.7,Poor,4.5
IITB01709,Female,Computer Science,4,On-campus,1.51,4.56,4.59,67.8,2.04,3.19,3.02,5.3,Poor,4.5
IITB01710,Male,Mathematics,1,Off-campus,0.96,,7.47,66.9,7.3,0.79,6.4,7.1,Average,4.5
IITB01711,Female,Computer Science,3,On-campus,1.39,7.04,6.55,59.2,5.09,1.25,5.66,7.1,Average,4.5
IITB01712,Male,Economics,3,On-campus,3.64,,2.57,88.2,3.42,2.69,5.21,2.9,Excellent,7.53
IITB01713,Female,Chemical Engineering,4,Off-campus,4.88,7.27,3.07,75.4,4.19,5.88,4.56,5.3,Good,5.64
IITB01714,Male,Chemical Engineering,2,On-campus,4.6,8.94,1.73,80.6,3.35,4.22,2.99,5.2,Excellent,7.58
IITB01715,Male,Mechanical Engineering,2,Off-campus,6.75,7.32,0.92,92.5,2.17,1.55,0.24,9.6,Good,7.87
IITB01716,Female,Electrical Engineering,3,On-campus,8.05,6.04,1.25,91.6,0.35,2.36,0.59,5.6,Good,7.59
IITB01717,Female,Physics,2,Off-campus,2.39,5.47,4.57,74.8,2.45,1.93,3.95,6.1,Good,4.5
IITB01718,Male,Civil Engineering,1,On-campus,3.13,6.08,6.82,59,4.66,1.77,10.84,4.1,Poor,4.5
IITB01719,Male,Aerospace Engineering,3,Off-campus,5.87,,1.94,91.6,1.48,2.27,0,7.5,Excellent,6.45
IITB01720,Male,Civil Engineering,3,Off-campus,3.76,5.25,5.59,78.7,1.68,,5.35,6.6,Average,4.5
IITB01721,Female,Physics,2,Off-campus,7.62,7.01,1.25,91.5,0.66,2.67,0,7.5,Excellent,7.91
IITB01722,Female,Electrical Engineering,2,On-campus,1.77,8.11,4.93,62.4,8.6,1.69,7.74,6.6,Poor,4.5
IITB01723,Male,Electrical Engineering,2,Off-campus,3.83,8.04,4.19,85,2.22,3.55,5.25,6.2,Excellent,5.9
IITB01724,Female,Aerospace Engineering,3,Off-campus,5.6,6.95,3.67,80.6,2.7,3.35,3.53,7.2,Good,6.39
IITB01725,Male,Aerospace Engineering,3,Off-campus,5.24,7.88,3.1,86.3,3.67,3.23,5.07,4.1,,6.33
IITB01726,Female,Civil Engineering,4,Off-campus,6.58,7.98,0.79,92.9,0.57,1.27,0,7.7,Good,7.9
IITB01727,Male,Physics,3,On-campus,7.29,6.76,2.12,91.3,0.13,1.4,1.3,6.9,Excellent,8.78
IITB01728,Male,Electrical Engineering,3,Off-campus,7.4,6.86,2.54,92.8,1.58,2.25,0,8.5,Good,7.03
IITB01729,Male,Mathematics,1,On-campus,3.42,6.63,3.23,73,3.42,4.53,1.4,6.7,Good,5.12
IITB01730,Non-binary,Economics,1,Off-campus,6.14,7.28,2.03,95.1,1.37,2.25,1.37,5.6,Good,6.88
IITB01731,Female,Biology,3,Off-campus,5.02,7.9,3.05,84,5.75,4.13,7.69,5.5,Good,6.24
IITB01732,Female,Physics,1,Off-campus,4.31,4.51,6.28,67,3.18,3.79,1.65,6,Average,4.74
IITB01733,Male,Electrical Engineering,4,Off-campus,2.91,5.93,7.04,54.1,7.12,1.21,6.53,5.7,Good,4.5
IITB01734,Male,Physics,4,Off-campus,3.12,3.47,5.2,75.3,2.53,3.04,7.16,7.3,Poor,4.91
IITB01735,Female,Economics,2,On-campus,2.82,5.5,5.07,79.7,1.67,4.04,6.06,6.5,Good,4.5
IITB01736,Female,Aerospace Engineering,2,Off-campus,2.75,6.6,5.83,73.7,3.03,2.57,1.31,5.1,Good,4.5
IITB01737,Female,Computer Science,2,On-campus,5.72,7.45,0.7,88.6,2.05,2.16,2.29,6.5,Good,7.29
IITB01738,Male,Physics,3,Off-campus,3.39,6.48,7.16,75.6,6.73,1.05,11.97,4.7,Poor,4.5
IITB01739,Female,Computer Science,3,On-campus,4.84,7.29,1.97,92.4,4.64,3.27,3.93,4.8,Excellent,6.45
IITB01740,Female,Physics,1,On-campus,2.83,5.84,8.17,69,4.6,1.29,10.29,7.2,Good,4.5
IITB01741,Male,Aerospace Engineering,4,Off-campus,2.66,,7.41,65.7,6.35,2.35,,7.1,Average,4.5
IITB01742,Male,Civil Engineering,3,Off-campus,2,5.74,6.91,67.8,5.52,2.77,,6.1,Average,4.5
IITB01743,Male,Mechanical Engineering,1,Off-campus,3.43,6.48,6.97,64.2,3.88,3.01,8.75,6.9,Average,4.5
IITB01744,Female,Mechanical Engineering,2,Off-campus,6.69,6.02,0.69,96.5,1.33,1.4,2.97,7.4,Good,6.85
IITB01745,Female,Civil Engineering,2,Off-campus,3.15,7.71,7.03,75.7,8.03,2.83,9.22,7.3,Average,4.91
IITB01746,Female,Mechanical Engineering,1,On-campus,5.03,3.45,5.27,75.7,3.27,3.62,,6.9,Average,5.09
IITB01747,Female,Biology,1,On-campus,0.61,5.67,5.53,55.8,3.94,1.65,9.19,5.6,Good,4.5
IITB01748,Male,Civil Engineering,1,Off-campus,3.6,5.37,11.83116797,80,2.35,2.79,5.5,6.4,Good,4.87
IITB01749,Female,Computer Science,4,Off-campus,3.61,,3.91,65.3,3.67,3.5,3.3,5.1,Poor,4.5
IITB01750,Female,Civil Engineering,1,On-campus,1.76,5.99,6.57,65.3,2.53,0.54,6.77,6.5,Good,4.5
IITB01751,Female,Computer Science,2,On-campus,2.45,4.53,4.97,64.8,1.99,1.34,9.36,4.2,Good,4.5
IITB01752,Male,Aerospace Engineering,1,Off-campus,4.04,4.91,8.1,73.4,9.61,0,7.12,7.2,Excellent,4.93
IITB01753,Female,Aerospace Engineering,3,Off-campus,5.4,6.85,3.76,81.4,5.31,3.21,3.39,5.7,,6.62
IITB01754,Female,Mechanical Engineering,3,On-campus,1.78,5.1,4.81,74.2,2.85,4.49,8.99,6.6,Average,4.5
IITB01755,Female,Civil Engineering,4,On-campus,4.43,7.03,4.25,86,6.23,3.75,4.29,3,Excellent,5.49
IITB01756,Female,Civil Engineering,3,Off-campus,5.48,7.91,2.59,78,3.37,4.11,6.22,5.3,Average,6.53
IITB01757,Male,Biology,3,On-campus,4.26,4.96,10.35599581,87.2,2.49,2.85,7.45,6.1,Average,5.32
IITB01758,Female,Physics,2,On-campus,4.12,7.41,2.29,91.2,2.18,3.86,4.42,4.3,Good,5.51
IITB01759,Female,Mechanical Engineering,3,Off-campus,5.11,8.43,3.04,85.4,4.46,3.09,0,3.8,Good,6.59
IITB01760,Male,Mathematics,1,On-campus,8.97,7.84,0.92,93.1,0.95,2.75,2.01,8,Average,8.05
IITB01761,Female,Civil Engineering,3,On-campus,1.98,5.77,7.73,63.3,5.99,2.2,8.03,10,Good,4.5
IITB01762,Male,Mathematics,1,On-campus,6.48,6.32,1.47,94.9,1.07,1.9,1.76,8,Average,7.01
IITB01763,Male,Electrical Engineering,4,On-campus,4.6,4.91,4.74,85.7,0.38,3.14,5.22,4.9,Good,5.2
IITB01764,Non-binary,Mathematics,2,Off-campus,2.67,4.67,10.22,69.7,4.48,1.92,6.77,8.5,Average,4.5
IITB01765,Male,Economics,2,Off-campus,2.19,6.7,6.22,60.4,5.33,3.39,4.09,6.1,Poor,4.5
IITB01766,Female,Mathematics,3,On-campus,5.07,6.64,3.48,87,4.55,4.45,1.24,5.9,Average,7.07
IITB01767,Male,Physics,3,On-campus,5.06,4.05,4.75,73.6,3.75,4.1,2.28,6.3,Excellent,5.81
IITB01768,Male,Civil Engineering,2,On-campus,3.3,6.15,4.73,76.6,2.43,2.78,5.29,5.3,Average,5.35
IITB01769,Male,Biology,2,On-campus,7.04,6.57,0.98,91.3,0.93,2.26,1.22,6.4,Good,7.58
IITB01770,Female,Computer Science,2,Off-campus,1.58,6.5,5.08,77.6,5.46,1.36,12.06,6.5,Good,4.5
IITB01771,Male,Chemical Engineering,1,On-campus,3.73,5.4,5.9,61.6,5.29,,11.16,4.2,Poor,4.5
IITB01772,Non-binary,Computer Science,1,Off-campus,3.86,7.18,3.49,77.7,4.92,3.54,5.25,6.1,Excellent,5.52
IITB01773,Female,Aerospace Engineering,1,Off-campus,1.26,4.93,5.87,60.7,6.52,2,8.09,7.5,Poor,4.5
IITB01774,Female,Computer Science,4,On-campus,4.45,6.73,3.34,75.9,5.08,5.23,5.47,5.5,Excellent,4.87
IITB01775,Male,Physics,3,On-campus,5.78,5.65,7.55,65.2,2.46,2.53,7.33,5.1,Poor,5.69
IITB01776,Male,Physics,1,Off-campus,1.7,7.15,4.96,57.6,3.46,1.45,7.88,6.8,Good,4.5
IITB01777,Female,Mathematics,1,Off-campus,3.6,7.36,2.19,79.1,4.65,2.74,3.92,7.3,Good,5.02
IITB01778,Male,Aerospace Engineering,2,Off-campus,4.67,7.33,2.36,83.2,3.19,6.15,3.56,4.3,Good,6.69
IITB01779,Male,Biology,2,Off-campus,2.81,5.91,7.52,68.6,5.31,1.95,6.59,6.3,Average,4.5
IITB01780,Male,Physics,3,Off-campus,2.98,5.27,6.87,58.7,4.75,0.71,9.78,6.2,Poor,4.5
IITB01781,Female,Electrical Engineering,2,Off-campus,1.06,5.55,6.23,63.8,4.36,3.03,7.93,7.4,,4.5
IITB01782,Male,Civil Engineering,4,On-campus,4.29,7.24,4.21,88.3,3.79,2.22,3.91,3.9,Average,5.64
IITB01783,Male,Biology,1,Off-campus,4.74,8.58,3.62,77.4,2.5,5.39,3.25,5.3,Good,6.27
IITB01784,Female,Electrical Engineering,2,On-campus,4.72,7.68,2.37,77.3,7.74,3.2,2.86,6,Average,5.02
IITB01785,Female,Mathematics,4,Off-campus,6.43,6.03,1.4,96.3,0.75,,,8.2,Excellent,7.03
IITB01786,Male,Civil Engineering,1,On-campus,4.15,4.73,4.94,68.8,2.5,2.44,3.42,6.9,Average,6.72
IITB01787,Male,Aerospace Engineering,2,On-campus,4.08,5.97,5.16,72.8,4.03,2.33,5.73,6.2,Poor,4.5
IITB01788,Male,Physics,1,On-campus,3.49,6.51,3.09,82.5,4.85,4.18,4.29,5.4,Good,5.09
IITB01789,Male,Computer Science,2,On-campus,3.59,6.88,2.09,86.2,2.6,4.95,8.53,5.8,Excellent,5.95
IITB01790,Male,Economics,1,Off-campus,4.84,7.43,3.85,85.7,3.25,1.65,8.65,4.8,Good,6.14
IITB01791,Male,Physics,4,Off-campus,1.6,6.04,6.38,54.6,4.88,2.17,9.55,6.8,Average,4.5
IITB01792,Female,Mathematics,4,On-campus,5.36,4.58,6.44,64.2,2.72,3.25,2.01,5.8,Average,5.06
IITB01793,Male,Physics,4,Off-campus,4.48,4.82,7.65,78.7,3.41,1.94,8.87,7.4,Poor,4.5
IITB01794,Male,Mathematics,2,Off-campus,5.22,5.06,4.8,57.3,2.53,3.4,3.24,5.2,Average,4.5
IITB01795,Female,Chemical Engineering,4,Off-campus,1.45,6.18,6.04,62.3,5.25,1.01,6.29,7.5,Average,4.5
IITB01796,Male,Mechanical Engineering,3,On-campus,3.6,5.3,5.32,86.9,0.27,3,0.5,4.5,Good,4.61
IITB01797,Male,Physics,2,Off-campus,3.18,4.61,5.23,73,3.82,3.05,6.49,7.7,Good,4.5
IITB01798,Male,Aerospace Engineering,1,Off-campus,1.83,5.64,6.72,63.3,5.58,1.07,7.69,5.6,Good,4.5
IITB01799,Female,Biology,3,Off-campus,2.7,,5.73,72.8,2.76,2.56,0.65,6.2,Poor,4.5
IITB01800,Female,Physics,3,On-campus,3.27,6.07,8.15,68.5,5.38,0.62,7.85,5.4,Good,4.7
IITB01801,Female,Biology,1,On-campus,1.69,4.67,5.59,72.3,1.73,1.99,7.07,6.4,Average,4.5
IITB01802,Male,Electrical Engineering,3,On-campus,3.59,7.78,4.11,59.8,5.5,,13.04,4.3,Average,5.03
IITB01803,Female,Computer Science,4,On-campus,1.38,8.27,5.65,59.7,1.2,1.52,,8.1,Average,4.5
IITB01804,Female,Civil Engineering,2,On-campus,6.98,6.79,1.27,92.1,0.05,2.28,1.3,6.8,Poor,7.12
IITB01805,Male,Chemical Engineering,2,Off-campus,6.86,6.75,1.39,90,1.18,0.93,0.28,6.8,Average,6.02
IITB01806,Male,Aerospace Engineering,4,Off-campus,3.96,,5.88,62.8,6.28,1.82,12.57,5.1,Average,5.12
IITB01807,Female,Mathematics,1,On-campus,6.99,6.64,1.89,88.6,0.97,1.56,0.38,7,Average,6.88
IITB01808,Non-binary,Economics,4,Off-campus,6.13,6.31,2.28,78.4,2.83,4.09,3.74,7.5,Good,6.68
IITB01809,Male,Computer Science,3,On-campus,6.36,5.38,1.09,93.2,1.61,1.16,0,7.6,Good,7.27
IITB01810,Male,Physics,2,On-campus,4.11,7.28,3.01,69.3,4.04,3.14,5.9,3.1,Excellent,4.5
IITB01811,Female,Computer Science,1,Off-campus,6.11,5.13,1.93,93.2,0.86,3.31,0,7,Excellent,6.48
IITB01812,Male,Economics,1,Off-campus,1.11,,7.22,62.6,7.09,1.52,5.36,6.1,Excellent,4.5
IITB01813,Female,Computer Science,2,Off-campus,4.61,4.07,5.87,70.8,4.73,2.56,4.07,6,Good,4.8
IITB01814,Male,Civil Engineering,3,On-campus,3.09,,4.94,80.1,2.16,3.54,3,6.2,Excellent,4.87
IITB01815,Male,Mechanical Engineering,2,On-campus,2.88,5.45,4.28,69.6,1.32,3.63,1.19,8.4,Good,4.5
IITB01816,Male,Electrical Engineering,3,Off-campus,4.08,5.09,5.48,65.1,2.82,1.93,5.31,4.6,Excellent,4.5
IITB01817,Female,Economics,3,Off-campus,1.46,5.18,4.85,54.4,4.57,2.4,6.79,6.6,Average,4.5
IITB01818,Male,Physics,3,On-campus,7.93,4.8,1.32,94.9,0.46,2.17,0,6.5,Excellent,8.6
IITB01819,Female,Civil Engineering,4,Off-campus,2.2,5.05,4.95,63,2.66,2.21,14.09,5.5,Poor,4.5
IITB01820,Male,Mechanical Engineering,3,On-campus,5.16,6.95,1.48,89.8,0.72,1.76,0.98,10,Good,7.8
IITB01821,Female,Physics,4,On-campus,2.74,3.94,6.46,56.3,6.28,1.72,5.67,5.7,Good,4.5
IITB01822,Male,Physics,1,Off-campus,2.15,7.45,8.21,65,4.81,1.98,9.08,9.4,Average,4.5
IITB01823,Female,Chemical Engineering,3,Off-campus,3.11,4.73,6.1,52.7,6.56,1.25,6.76,7,Poor,4.5
IITB01824,Female,Mechanical Engineering,3,Off-campus,3.3,6.74,3.17,81,4.75,5.19,5.79,7.2,Good,5.05
IITB01825,Male,Aerospace Engineering,4,Off-campus,1.37,6.68,4.74,56.8,6.53,3.01,7.07,5.8,Average,4.5
IITB01826,Male,Biology,2,Off-campus,3.82,5.66,4.65,73.1,1.22,1.68,5.37,7.9,Good,4.5
IITB01827,Female,Physics,1,On-campus,6.1,7.51,0.83,93.1,0.3,2.79,1.75,8.6,Good,7.12
IITB01828,Male,Chemical Engineering,2,Off-campus,3.92,7.5,3.34,81.4,5.46,2.76,8.29,6.3,,5.19
IITB01829,Male,Mathematics,1,Off-campus,1.65,5.71,5.95,63.7,4.18,2.5,6.38,6.4,Good,4.5
IITB01830,Male,Computer Science,1,Off-campus,3.5,6.92,2.65,79.1,3.32,6.48,3.98,5.4,Excellent,4.5
IITB01831,Non-binary,Mathematics,2,On-campus,1.08,4.89,3.28,66,6.29,2.25,9.21,8.7,Poor,4.5
IITB01832,Female,Computer Science,4,Off-campus,3.85,,4.69,74.4,3.21,2.25,3.36,7.6,Good,4.5
IITB01833,Male,Biology,1,On-campus,7.97,6.51,1.48,85.3,0.68,1.95,1.83,8.9,Average,8.16
IITB01834,Female,Physics,2,On-campus,7.22,6.13,1.28,92.6,1.29,1.68,0.07,6.8,Average,7.62
IITB01835,Female,Mathematics,4,On-campus,2.25,7.52,5.22,71,7.31,,5.51,5.2,Good,4.5
IITB01836,Male,Mathematics,2,On-campus,1.96,5.21,7.13,54,7.91,2.01,4.06,4.3,Good,4.5
IITB01837,Male,Computer Science,4,On-campus,3.04,3.9,5.91,78.5,2.33,3.18,6.03,6.7,Average,4.5
IITB01838,Male,Electrical Engineering,1,Off-campus,2.88,6.56,5.07,41.3,6.73,1.73,9.13,8.2,Poor,4.5
IITB01839,Male,Aerospace Engineering,2,Off-campus,2.35,4.78,5.05,63.7,7.59,0.68,12.47,5.9,Poor,4.5
IITB01840,Female,Mechanical Engineering,1,Off-campus,4.42,6.73,2.62,68.3,3.63,2.88,3.76,5,Excellent,5.41
IITB01841,Male,Economics,4,Off-campus,2.72,5.56,6.96,65,7.61,1.56,11.85,6.5,Good,4.5
IITB01842,Female,Biology,4,Off-campus,2.45,7.21,5.74,59.9,5.74,1.65,1.4,5.2,Average,4.5
IITB01843,Male,Economics,4,Off-campus,7.07,5.78,2.03,96,1.47,2.19,0.7,6.4,Average,7.44
IITB01844,Female,Physics,1,Off-campus,2.11,4.95,6.4,70.4,3.27,2.69,10.92,6.4,Average,4.5
IITB01845,Female,Electrical Engineering,4,On-campus,1.61,6.9,3.89,55.7,3.33,1.99,9.68,4.1,Good,4.5
IITB01846,Female,Electrical Engineering,4,On-campus,4.11,6.85,8.09,62.6,5.44,1.62,7.4,5.3,Poor,4.5
IITB01847,Female,Aerospace Engineering,2,On-campus,5.41,6.88,3.76,87.2,4.93,4.04,1.42,5.9,Good,6.51
IITB01848,Male,Mathematics,3,On-campus,3.08,7.41,2.06,90.2,3.87,3.77,8.95,7.4,Excellent,5.44
IITB01849,Female,Biology,4,Off-campus,5.94,5.71,0.67,93.7,0,0.62,1.43,8.6,Average,6.71
IITB01850,Female,Physics,2,On-campus,7.54,7.26,2.12,94.1,0.9,2.27,0,7.4,Average,7.64
IITB01851,Male,Computer Science,1,Off-campus,1.93,5.8,5.9,71.5,5.1,0.84,8.5,7.2,Average,4.5
IITB01852,Male,Biology,4,On-campus,4.62,4.91,5.06,79.8,1.65,1.11,4.07,6,Good,4.74
IITB01853,Male,Mathematics,2,Off-campus,6.65,6.32,1.23,99.7,0.76,3,0.94,8.5,Excellent,7.5
IITB01854,Female,Mechanical Engineering,4,On-campus,7.23,6.06,1.28,93.1,1.41,2.27,1.15,8.8,Good,7.87
IITB01855,Female,Electrical Engineering,3,Off-campus,6.43,6.64,1.64,94.9,1.14,1.05,1.15,6.4,Average,7.47
IITB01856,Female,Mechanical Engineering,1,Off-campus,2.74,4.07,4.96,80.5,2.93,2.95,5.05,4.8,Average,4.67
IITB01857,Male,Electrical Engineering,2,On-campus,7.7,5.93,0.56,91.3,0.78,2.84,3.47,7.5,Average,8.63
IITB01858,Female,Aerospace Engineering,3,On-campus,4.54,7.36,2.64,76,5.53,,3.82,4.5,Average,6.78
IITB01859,Male,Electrical Engineering,1,On-campus,1.53,6.54,5.64,77.1,3.53,2.27,15.11,7.3,Average,4.5
IITB01860,Female,Civil Engineering,2,Off-campus,4.21,7.64,2.76,74.7,4.34,6.07,7.06,7.6,Excellent,5.23
IITB01861,Female,Physics,1,On-campus,3.04,6.51,2.92,82.1,3.95,4.2,0,4.6,Excellent,4.5
IITB01862,Male,Mechanical Engineering,3,Off-campus,4.4,7.84,3.47,73.4,4.84,4.73,5.38,2.8,Excellent,6.68
IITB01863,Female,Biology,4,On-campus,0.84,6.41,6.95,48.8,3.98,2.16,3.19,5,Average,4.5
IITB01864,Male,Chemical Engineering,3,On-campus,4.15,6.65,3.94,80.1,5.6,3.71,5.48,8,Excellent,4.7
IITB01865,Male,Chemical Engineering,3,Off-campus,2.97,4.94,6.08,80.2,5.53,,6.84,4.6,Good,4.5
IITB01866,Female,Mathematics,2,On-campus,3.72,7.37,3.49,75.1,5.79,,2.14,5.1,Good,5.12
IITB01867,Male,Biology,3,Off-campus,7.03,6.21,1.41,92.9,0.76,2.2,0.41,6.5,Good,8.58
IITB01868,Male,Computer Science,3,On-campus,8.16,5.57,1.36,88.5,0.67,2.08,0.44,6.7,Average,7.49
IITB01869,Male,Biology,3,Off-campus,4.67,7.28,3.15,88,4.32,3.14,7.72,4.2,Good,6.42
IITB01870,Male,Electrical Engineering,4,Off-campus,2.99,6.63,5.13,51.6,6.7,3.07,4.92,5.3,Good,4.5
IITB01871,Male,Mechanical Engineering,3,Off-campus,7.47,6.03,1.88,94.7,0.87,2.77,0.44,6.7,Good,8.58
IITB01872,Female,Chemical Engineering,4,On-campus,3.29,4.68,5.92,75.7,2.53,1.8,2.65,7.7,Poor,4.5
IITB01873,Male,Aerospace Engineering,4,On-campus,4.06,8.6,3.6,87.7,3.85,4.4,1.35,4.5,Good,7.79
IITB01874,Female,Civil Engineering,1,Off-campus,4.1,5.65,4.21,64.4,2.89,2.55,,5.1,Average,4.5
IITB01875,Female,Chemical Engineering,2,On-campus,1.48,4.26,4.33,77.8,1.45,1.77,4.96,5.4,Excellent,4.5
IITB01876,Male,Aerospace Engineering,4,On-campus,6.52,6.98,2.16,95.8,2.02,2.34,2.41,7.8,Average,7.47
IITB01877,Female,Chemical Engineering,4,Off-campus,3.18,4.86,5.22,75.7,2.57,2.73,4.05,7.8,Good,4.5
IITB01878,Male,Chemical Engineering,2,On-campus,5.61,,1.42,95.9,0.86,2.45,0,7.7,Good,7.3
IITB01879,Male,Aerospace Engineering,3,Off-campus,5.44,6.22,1.38,96.3,1.65,1.97,1.67,7.5,,6.69
IITB01880,Male,Aerospace Engineering,2,Off-campus,7.46,4.35,1.6,92.4,2.1,2.45,0.86,8.1,Good,7.12
IITB01881,Male,Aerospace Engineering,1,On-campus,5.01,7.03,2.51,85.1,2.24,3.79,4.11,4.5,Excellent,7.29
IITB01882,Non-binary,Chemical Engineering,4,Off-campus,3.87,7.24,3.27,76,3.92,5.4,2.22,6.2,Poor,4.5
IITB01883,Male,Electrical Engineering,4,Off-campus,6.73,4.82,1.95,93.6,1.31,2.88,0,6.7,Average,7.01
IITB01884,Female,Computer Science,2,On-campus,1.53,4.58,6.08,74.8,5.28,1.65,7.05,7.6,Poor,4.5
IITB01885,Female,Aerospace Engineering,1,On-campus,6.87,6.2,2.14,95.5,0,,0.45,10,Good,7.39
IITB01886,Male,Economics,4,Off-campus,1.03,4.59,7.58,66.6,3.58,1.93,4.5,6.1,Average,4.5
IITB01887,Female,Mechanical Engineering,2,Off-campus,7.73,7.06,1.3,86.8,0.9,1.18,1.2,6.5,,7.84
IITB01888,Non-binary,Mathematics,1,On-campus,4.59,5.11,6.67,85.8,2.03,3.12,3.88,5.4,Average,6.14
IITB01889,Female,Economics,1,On-campus,4.91,6.88,2.2,82.2,3.09,2.88,0.07,3.2,Good,6.77
IITB01890,Male,Physics,1,On-campus,1.57,7.16,6.79,75.1,5.2,2.32,9.75,4.6,Average,4.5
IITB01891,Male,Physics,3,Off-campus,1.89,6.78,9.26,69.1,5.86,0.28,,8.8,Poor,4.5
IITB01892,Male,Mechanical Engineering,2,On-campus,2.23,5.92,5.53,45.6,3.9,1.9,4.85,5.6,Good,4.5
IITB01893,Female,Biology,1,Off-campus,5.11,6.79,2.28,87.9,5.7,3.96,,6.3,Good,6.97
IITB01894,Male,Mechanical Engineering,4,Off-campus,0.5,6.16,7.07,63.9,5.51,2.21,11.16,6,Poor,4.5
IITB01895,Female,Chemical Engineering,4,Off-campus,6.04,6.49,1.82,96.3,1.95,4.62,7.48,6.3,Good,6.83
IITB01896,Female,Physics,1,On-campus,1.84,6.2,6.91,46.6,7.1,2.34,7.39,7.1,Poor,4.5
IITB01897,Male,Computer Science,1,On-campus,3.94,7.42,3.89,82.7,3.8,6.05,0,6.7,Good,6.22
IITB01898,Male,Biology,3,Off-campus,4.64,8.41,3.53,85.2,2.87,5.78,3.47,4.8,,6.83
IITB01899,Female,Mathematics,1,Off-campus,2.7,3.93,4.91,69.3,4.69,1.15,6.5,5.3,Good,4.5
IITB01900,Male,Computer Science,1,Off-campus,2.35,3.96,5.14,82.3,0.89,3.35,6.53,9,Excellent,4.5
IITB01901,Male,Physics,2,Off-campus,3.97,4.86,5.07,71.3,2.81,2.46,4.53,6.5,,5.06
IITB01902,Male,Mathematics,4,On-campus,5.23,7.41,1.93,83.1,4.18,4.74,7.83,4.8,Poor,5.69
IITB01903,Male,Chemical Engineering,4,Off-campus,7.46,6.16,0.32,92.1,1.38,2.56,2.46,6.7,Average,8.11
IITB01904,Male,Chemical Engineering,4,Off-campus,7.02,7.44,2.22,89.9,0.97,1.27,,7.5,Good,6.53
IITB01905,Male,Mathematics,3,Off-campus,2.06,,4.76,50.5,4.25,2.2,5.95,6.1,,4.5
IITB01906,Male,Mechanical Engineering,3,Off-campus,3.68,,6.39,61.6,2.79,1.26,8.37,8.9,Good,4.5
IITB01907,Female,Mechanical Engineering,2,Off-campus,3.82,8.1,2.94,72.2,5.25,4.84,0,3.4,Good,5.44
IITB01908,Male,Computer Science,2,Off-campus,1.61,6.4,4.01,48.8,4.58,0.81,13.57,6.5,Average,4.5
IITB01909,Male,Economics,3,Off-campus,3.58,7.68,2.96,73.3,4.78,5.18,7.54,5.2,Good,5.17
IITB01910,Female,Electrical Engineering,3,Off-campus,3.7,3.77,5.24,66.7,3.79,3,5.39,6.3,Excellent,4.5
IITB01911,Female,Mechanical Engineering,1,On-campus,2.1,5.08,4.97,65.1,4.49,1.66,7.74,5.6,Poor,4.5
IITB01912,Male,Mathematics,1,Off-campus,8.45,6.49,1.81,87.9,0.55,1.41,1.01,7.7,Good,7.49
IITB01913,Female,Aerospace Engineering,4,Off-campus,2.1,4.94,7.19,78.8,4.21,0.5,10.31,6.4,Average,4.5
IITB01914,Male,Aerospace Engineering,2,Off-campus,4.07,7.33,4.59,79.7,2.75,4.3,1.89,5.2,Good,6.01
IITB01915,Male,Economics,1,Off-campus,7.72,6.09,1.25,86.6,1.01,2.93,3.18,6.5,Good,8.41
IITB01916,Female,Biology,2,Off-campus,2.97,,6.24,75.8,2.89,2.39,6.68,4.9,Poor,4.5
IITB01917,Male,Economics,2,Off-campus,2.85,,5.17,69,2.45,3.91,7.61,6.6,Good,4.5
IITB01918,Female,Mathematics,1,On-campus,1.11,5.75,8.48,89.1,5.54,0.72,6.49,6.3,Good,4.5
IITB01919,Female,Aerospace Engineering,1,Off-campus,6.98,6.09,1.01,97.3,0.59,3.4,1.08,7.8,Average,7.76
IITB01920,Male,Computer Science,3,On-campus,7.66,6.13,1.2,87.3,0.93,2.12,0.61,8.5,Good,7.15
IITB01921,Male,Computer Science,1,Off-campus,6.26,6.77,1.04,91.4,0.28,2.46,0.67,7.9,Average,7.65
IITB01922,Male,Economics,3,Off-campus,2.09,5.03,7.4,51.9,4.33,1.89,,9.9,Average,4.5
IITB01923,Male,Mathematics,1,On-campus,3.58,7.36,3.85,81,2.61,5.22,4.11,5.3,Excellent,5.95
IITB01924,Female,Electrical Engineering,1,Off-campus,3.87,6.99,3.51,93.6,2.9,,1.96,7.3,Good,6.53
IITB01925,Male,Biology,4,On-campus,4.06,7.61,3.35,86.2,4.05,5.28,9.25,6.2,Good,6.51
IITB01926,Male,Aerospace Engineering,3,Off-campus,4.99,8.59,2.28,78.7,6.44,4.75,2.78,6.4,Average,6.81
IITB01927,Female,Mathematics,3,On-campus,8.16,5.01,1.53,97.6,1,1.93,0,6.7,Good,8.52
IITB01928,Male,Biology,1,On-campus,4.62,7.82,3.83,79.6,3.99,4.55,6.02,5.2,Good,6.22
IITB01929,Male,Computer Science,1,Off-campus,4.04,5.4,4.86,67,4.01,3.56,5.39,6.7,,4.5
IITB01930,Male,Mechanical Engineering,4,Off-campus,0.88,5.31,4.73,64.9,5.21,0.13,4.57,9.5,Average,4.5
IITB01931,Female,Aerospace Engineering,1,Off-campus,4.8,7.03,2.84,82,1.52,3.6,,4.4,Average,5.58
IITB01932,Male,Electrical Engineering,4,On-campus,1.28,6.37,3.9,64.3,2.88,1.47,2.86,6,Good,4.5
IITB01933,Male,Physics,3,Off-campus,6.11,6.42,2.32,100,0,3.72,1.46,7.1,Average,7.06
IITB01934,Male,Aerospace Engineering,3,Off-campus,6.64,5.54,1.85,98.7,0.37,2.1,0.57,6.7,Good,7.55
IITB01935,Female,Civil Engineering,3,On-campus,3.01,7.9,1.13,76.2,3.11,3.51,0,5.7,Good,6.46
IITB01936,Male,Electrical Engineering,2,On-campus,1.6,,7.09,79.4,7.05,0.89,5.34,10,Average,4.5
IITB01937,Male,Electrical Engineering,2,Off-campus,4.98,7.61,1.92,89.9,3.92,4.85,5.08,2.7,Good,5.72
IITB01938,Male,Physics,3,Off-campus,5.44,6.74,3.75,80.4,4.67,3.76,,6.7,Excellent,6.51
IITB01939,Female,Biology,4,On-campus,7.27,6.4,0.31,88,1.13,3.65,1.84,8.6,Good,7.76
IITB01940,Male,Physics,1,Off-campus,4,4.79,8.43,89.2,3.13,2.6,7.22,5.4,Poor,4.5
IITB01941,Female,Civil Engineering,2,Off-campus,3.21,3.24,4.29,64.4,0.41,3.39,5.1,6.9,Average,4.5
IITB01942,Male,Biology,2,On-campus,1.56,6.7,5.16,51.3,7.12,1.94,7.84,8,Excellent,4.5
IITB01943,Female,Electrical Engineering,3,Off-campus,2.76,6.95,4.82,72.4,0.97,2.78,6.13,3.7,Average,4.5
IITB01944,Female,Physics,1,Off-campus,5.14,7.84,1.77,87.2,5.73,5.39,2.16,5.8,,7.01
IITB01945,Female,Mathematics,4,On-campus,3.99,,6.88,73.2,3.04,2.81,2.72,5.8,Excellent,5.78
IITB01946,Female,Mechanical Engineering,3,Off-campus,5.46,8.28,1.82,92,3.58,5.33,7.3,4.9,Poor,7.99
IITB01947,Male,Civil Engineering,4,Off-campus,3.88,4.5,4.29,59,3.23,1.74,6.12,4.5,Good,4.5
IITB01948,Female,Mathematics,4,On-campus,8.77,7.01,1.77,95.2,2.17,2.66,1.39,6.4,Average,8.96
IITB01949,Female,Biology,1,Off-campus,1.71,3.72,3.55,65.5,7.73,0.41,9.36,6.2,Poor,4.5
IITB01950,Non-binary,Chemical Engineering,1,On-campus,2.93,5.68,3.12,81.6,1.06,2.48,5.73,5.5,Average,4.5
IITB01951,Male,Electrical Engineering,4,On-campus,1.14,5.63,7.07,63.7,6.33,1.29,3.76,8.4,,4.5
IITB01952,Female,Economics,2,On-campus,0.5,6.49,5.89,55.8,6.29,0.91,7.72,5.8,Average,4.5
IITB01953,Male,Biology,1,Off-campus,8.51,5.27,0.64,87.7,1.42,0.95,1.25,6.9,Average,8.2
IITB01954,Female,Electrical Engineering,4,On-campus,2.13,5.58,6.59,50.5,6.91,1.34,12.35,9,Poor,4.5
IITB01955,Non-binary,Aerospace Engineering,2,On-campus,2,3,7.79,68.2,4.92,1.11,8.55,5.8,Poor,4.5
IITB01956,Female,Aerospace Engineering,2,On-campus,3.51,8.04,3.72,88.2,3.19,4.5,8.69,5.4,,7.07
IITB01957,Female,Computer Science,2,Off-campus,1.34,5.91,6.17,59.2,5.14,1.16,4.95,6.8,Average,4.5
IITB01958,Male,Civil Engineering,4,Off-campus,3.61,7.38,3.07,88.1,3.75,5.13,2.42,6.6,Excellent,5.9
IITB01959,Male,Computer Science,1,On-campus,8.05,7.1,1.26,94.9,0.88,,,7,Excellent,8.46
IITB01960,Male,Computer Science,2,Off-campus,3.57,7.8,2.84,82.2,5.41,4.21,7.39,3.4,Excellent,5.61
IITB01961,Male,Chemical Engineering,2,Off-campus,1.07,7.65,10.43782538,64.1,6.43,1.14,9.79,7.8,Poor,4.5
IITB01962,Male,Mathematics,4,Off-campus,4.47,,5.89,77.9,3.69,2.29,3.12,7.4,,4.73
IITB01963,Male,Mechanical Engineering,3,Off-campus,1.58,6.65,5.87,92.2,4.64,2.04,10.37,6.5,Average,4.5
IITB01964,Male,Mathematics,2,On-campus,4.25,7.85,1.69,84.3,4.77,5.18,0.31,4,Good,7.38
IITB01965,Male,Chemical Engineering,3,Off-campus,7.64,6.21,1.84,90.1,0.37,2.36,1.05,7.5,,8.19
IITB01966,Female,Aerospace Engineering,2,On-campus,3.8,7.72,3.71,90.4,3.84,5.58,3.43,5.2,Average,5.19
IITB01967,Male,Economics,3,Off-campus,4.24,8.15,1.73,77.4,2.58,4.18,5.32,5,Excellent,5.37
IITB01968,Male,Mathematics,4,Off-campus,6.33,6.93,1.11,92.1,0.48,2.21,0,6.7,Average,8.28
IITB01969,Male,Computer Science,2,Off-campus,3.13,7.54,2.08,74.4,4.07,3.25,4.55,3.3,Average,5.35
IITB01970,Female,Computer Science,4,On-campus,3.32,6.37,6.18,80.6,2.4,2.45,4.87,6.5,Good,4.64
IITB01971,Male,Mathematics,3,Off-campus,5.91,5.95,1.86,94.1,0.69,2.51,0,6.8,Average,6.53
IITB01972,Non-binary,Physics,1,Off-campus,4.37,,3.16,76.8,2.09,4.51,2.84,4.5,Average,6.34
IITB01973,Male,Biology,4,On-campus,3.59,5.26,5.37,68.1,1.71,2.47,4.87,4.8,Poor,5.31
IITB01974,Male,Economics,1,On-campus,3.84,7.18,2.51,88.9,3.57,3.34,6.86,4.9,Average,6.14
IITB01975,Male,Physics,2,On-campus,3.87,7.2,2.98,68.5,3.63,4.67,0.58,5,Good,5.6
IITB01976,Male,Physics,3,On-campus,4.6,6.96,2.03,87.6,3.52,3.93,7.94,3.2,Good,7.32
IITB01977,Male,Biology,4,On-campus,3.42,7.78,6.24,72.4,5.45,1.28,4.06,7,Average,5.51
IITB01978,Male,Civil Engineering,1,Off-campus,2.62,5.55,1.62,90.7,4.31,4.89,1.4,5.9,Good,4.8
IITB01979,Female,Biology,4,Off-campus,2.66,5.05,5.76,60.3,4.1,3.37,6.51,5.5,Average,4.5
IITB01980,Male,Economics,4,Off-campus,7.96,6.73,1.85,95.3,1.29,2.52,0.58,7.2,Good,9.02
IITB01981,Female,Mechanical Engineering,1,On-campus,3.95,6.15,5.73,61.7,5.1,,11.21,5.1,Poor,5.15
IITB01982,Female,Civil Engineering,4,On-campus,2.61,5.31,4.44,67.2,1.14,2.57,,8.2,Poor,4.5
IITB01983,Female,Mathematics,1,Off-campus,7.28,7.41,2.24,88.5,1.97,,0,6.8,Excellent,7.33
IITB01984,Male,Mechanical Engineering,1,Off-campus,4.5,7.87,2.35,79.2,4.7,,5.15,4.1,Good,6.18
IITB01985,Male,Mechanical Engineering,4,Off-campus,6.06,6.49,0.85,94.2,1.01,2.01,2.57,7.2,Average,7.17
IITB01986,Male,Economics,2,On-campus,5.41,6.84,3.45,81.4,3.8,4.69,4.51,5.2,Excellent,6.11
IITB01987,Female,Chemical Engineering,3,Off-campus,4.28,7.49,2.63,83.4,2.42,3.26,6.05,4.3,Good,6.42
IITB01988,Female,Chemical Engineering,3,On-campus,5.48,6.81,2.87,92.3,1.07,2.68,1.18,6.7,Average,6.4
IITB01989,Male,Economics,1,On-campus,6.5,7.89,3.31,83.7,7.11,4.18,4.81,5.6,Excellent,8.11
IITB01990,Male,Physics,3,Off-campus,7.83,6.95,0.94,86.8,1,1.87,0,8.9,Good,7.7
IITB01991,Male,Chemical Engineering,1,Off-campus,1.27,5.11,7.83,60.8,5.89,1.07,10.37,8.1,Excellent,4.5
IITB01992,Female,Computer Science,1,On-campus,6.7,5.56,2.23,93.8,1.16,2.76,0,9,,6.36
IITB01993,Male,Chemical Engineering,4,Off-campus,1.71,6.37,6.54,70,2.57,1.25,11.53,5.3,Poor,4.5
IITB01994,Non-binary,Economics,4,Off-campus,6.85,6.14,0.99,89.9,0.8,1.18,0.49,8,Good,6.65
IITB01995,Non-binary,Biology,2,Off-campus,8.11,7.01,1.64,93.4,1.01,2.38,1.46,8.7,Poor,8.51
IITB01996,Female,Physics,1,On-campus,11.87433978,8.23,2.87,89.3,4.1,4,5.01,4.1,Poor,6.85
IITB01997,Male,Aerospace Engineering,2,On-campus,1.89,4.93,6.55,60.9,0.76,3.2,6.58,8,Good,4.5
IITB01998,Male,Mechanical Engineering,4,Off-campus,4.38,8.35,1.07,74.5,4.07,3.72,2.91,4.5,Average,5.55
IITB01999,Male,Economics,1,Off-campus,6.7,6.95,1.65,85.6,1.25,2.17,1.08,7.1,Excellent,7.09